0,0,0,0,0,0,0.0
1,1,1,1,1,1,2.3999999999976004e+25
2,2,2,2,2,2,5.859374999625e+21
3,3,3,3,3,3,4.516023412289234e+19
4,4,4,4,4,4,1.43051146875e+18
5,5,5,5,5,5,9.8303998464e+16
6,6,6,6,6,6,1.1025447277543514e+16
7,7,7,7,7,7,1733942575419581.0
8,8,8,8,8,8,349245873928070.2
9,9,9,9,9,9,84976902715097.42
10,10,10,10,10,10,23999976000000.0
11,11,11,11,11,11,7647126077674.253
12,12,12,12,12,12,2691751677279.3228
13,13,13,13,13,13,1030122605802.7325
14,14,14,14,14,14,423322686433.5046
15,15,15,15,15,15,184974212106.32993
16,16,16,16,16,16,85263697779.73738
17,17,17,17,17,17,41192078099.27737
18,18,18,18,18,18,20745619536.217186
19,19,19,19,19,19,10842953568.027092
20,20,20,20,20,20,5859000000.0
21,21,21,21,21,21,3262439416.360399
22,22,22,22,22,22,1866765769.7978544
23,23,23,23,23,23,1094996960.2765276
24,24,24,24,24,24,657042312.3873495
25,25,25,25,25,25,402554880.0
26,26,26,26,26,26,251418299.65128198
27,27,27,27,27,27,159837171.13401493
28,28,28,28,28,28,103301239.56222077
29,29,29,29,29,29,67791752.57458611
30,30,30,30,30,30,45127312.34511453
31,31,31,31,31,31,30442849.916460108
32,32,32,32,32,32,20794329.969930906
33,33,33,33,33,33,14370858.833188148
34,34,34,34,34,34,10041366.494080266
35,35,35,35,35,35,7089173.839909258
36,36,36,36,36,36,5053995.344414077
37,37,37,37,37,37,3636426.719342194
38,38,38,38,38,38,2639359.0646783076
39,39,39,39,39,39,1931546.1604271494
40,40,40,40,40,40,1424652.099609375
41,41,41,41,41,41,1058612.704871655
42,42,42,42,42,42,792189.9603551897
43,43,43,43,43,43,596809.5002633942
44,44,44,44,44,44,452497.5764649252
45,45,45,45,45,45,345175.3235113863
46,46,46,46,46,46,264839.6535212689
47,47,47,47,47,47,204329.07986760643
48,48,48,48,48,48,158479.08879108285
49,49,49,49,49,49,123539.28898265147
50,50,50,50,50,50,96768.0
51,51,51,51,51,51,76148.1090893411
52,52,52,52,52,52,60186.46525039728
53,53,53,53,53,53,47771.256926958165
54,54,54,54,54,54,38069.9303830431
55,55,55,55,55,55,30455.651947636303
56,56,56,56,56,56,24454.002934775184
57,57,57,57,57,57,19704.10906810188
58,58,58,58,58,58,15930.132154347682
59,59,59,59,59,59,12920.245362856725
60,60,60,60,60,60,10511.044499765738
61,61,61,61,61,61,8575.93000609871
62,62,62,62,62,62,7016.405031913527
63,63,63,63,63,63,5755.526226013044
64,64,64,64,64,64,4732.951718044997
65,65,65,65,65,65,3901.1798994715514
66,66,66,66,66,66,3222.680197600806
67,67,67,67,67,67,2667.695063505722
68,68,68,68,68,68,2212.54927099812
69,69,69,69,69,69,1838.3442876870124
70,70,70,70,70,70,1529.9461453606757
71,71,71,71,71,71,1275.1979131242374
72,72,72,72,72,72,1064.304720098005
73,73,73,73,73,73,889.3518399628624
74,74,74,74,74,74,743.9257634387195
75,75,75,75,75,75,622.815266417156
76,76,76,76,76,76,521.774829996743
77,77,77,77,77,77,437.336823925285
78,78,78,78,78,78,366.66195125944773
79,79,79,79,79,79,307.4198095519804
80,80,80,80,80,80,257.69323110580444
81,81,81,81,81,81,215.90145504995255
82,82,82,82,82,82,180.7382570399055
83,83,83,83,83,83,151.12199335449645
84,84,84,84,84,84,126.15516173245179
85,85,85,85,85,85,105.09158439802923
86,86,86,86,86,86,87.30971200224417
87,87,87,87,87,87,72.29085554432018
88,88,88,88,88,88,59.60139578336604
89,89,89,89,89,89,48.87821082387162
90,90,90,90,90,90,39.81671371951754
91,91,91,91,91,91,32.16101178479364
92,92,92,92,92,92,25.695794570734776
93,93,93,93,93,93,20.239633384816354
94,94,94,94,94,94,15.63943589497953
95,95,95,95,95,95,11.765847941325653
96,96,96,96,96,96,8.509433683606048
97,97,97,97,97,97,5.777496600168437
98,98,98,98,98,98,3.4914291697827124
99,99,99,99,99,99,1.584499531966065
100,100,100,100,100,100,0.0
101,101,101,101,101,101,-1.3103042397372748
102,102,102,102,102,102,-2.387476958508861
103,103,103,103,103,103,-3.266505035776351
104,104,104,104,104,104,-3.977219427601929
105,105,105,105,105,105,-4.545071483017638
106,106,106,106,106,106,-4.991788244704216
107,107,107,107,107,107,-5.335926349818654
108,108,108,108,108,108,-5.593340837690722
109,109,109,109,109,109,-5.777582442612725
110,110,110,110,110,110,-5.900234696242095
111,111,111,111,111,111,-5.971200299401668
112,112,112,112,112,112,-5.9989446775663575
113,113,113,113,113,113,-5.990703351302397
114,114,114,114,114,114,-5.9526586860810875
115,115,115,115,115,115,-5.89009069739737
116,116,116,116,116,116,-5.807505846022656
117,117,117,117,117,117,-5.70874713912522
118,118,118,118,118,118,-5.597088335047434
119,119,119,119,119,119,-5.475314615581818
120,120,120,120,120,120,-5.345791725498458
121,121,121,121,121,121,-5.21052527317407
122,122,122,122,122,122,-5.071211628808941
123,123,123,123,123,123,-4.929281639901929
124,124,124,124,124,124,-4.785938200759256
125,125,125,125,125,125,-4.6421885583360005
126,126,126,126,126,126,-4.498872106071838
127,127,127,127,127,127,-4.356684306770921
128,128,128,128,128,128,-4.216197291808027
129,129,129,129,129,129,-4.077877604362157
130,130,130,130,130,130,-3.942101486760286
131,131,131,131,131,131,-3.809168054496866
132,132,132,132,132,132,-3.67931065051571
133,133,133,133,133,133,-3.5527066315889795
134,134,134,134,134,134,-3.4294858029996225
135,135,135,135,135,135,-3.3097376872998203
136,136,136,136,136,136,-3.193517786896082
137,137,137,137,137,137,-3.0808529779402227
138,138,138,138,138,138,-2.971746153926706
139,139,139,139,139,139,-2.8661802210375757
140,140,140,140,140,140,-2.7641215332368714
141,141,141,141,141,141,-2.66552284305745
142,142,142,142,142,142,-2.570325833656421
143,143,143,143,143,143,-2.478463288796543
144,144,144,144,144,144,-2.389860949731354
145,145,145,145,145,145,-2.304439101354647
146,146,146,146,146,146,-2.2221139242686214
147,147,147,147,147,147,-2.142798644501181
148,148,148,148,148,148,-2.066404508350831
149,149,149,149,149,149,-1.9928416061638174
150,150,150,150,150,150,-1.9220195656714472
151,151,151,151,151,151,-1.853848132767557
152,152,152,152,152,152,-1.7882376552271115
153,153,153,153,153,153,-1.725099482806777
154,154,154,154,154,154,-1.6643462953828712
155,155,155,155,155,155,-1.6058923692344538
156,156,156,156,156,156,-1.5496537902368432
157,157,157,157,157,157,-1.4955486215660487
158,158,158,158,158,158,-1.443497032503594
159,159,159,159,159,159,-1.3934213940531714
160,160,160,160,160,160,-1.345246346318163
161,161,161,161,161,161,-1.298898841926393
162,162,162,162,162,162,-1.2543081692128748
163,163,163,163,163,163,-1.2114059583708083
164,164,164,164,164,164,-1.1701261733461297
165,165,165,165,165,165,-1.130405091872735
166,166,166,166,166,166,-1.0921812757166647
167,167,167,167,167,167,-1.0553955329117415
168,168,168,168,168,168,-1.019990873520625
169,169,169,169,169,169,-0.9859124602392284
170,170,170,170,170,170,-0.9531075549747908
171,171,171,171,171,171,-0.9215254623647452
172,172,172,172,172,172,-0.8911174710619291
173,173,173,173,173,173,-0.861836793488695
174,174,174,174,174,174,-0.83363850465582
175,175,175,175,175,175,-0.8064794805495773
176,176,176,176,176,176,-0.7803183365101715
177,177,177,177,177,177,-0.7551153659553799
178,178,178,178,178,178,-0.7308324797432036
179,179,179,179,179,179,-0.7074331464154783
180,180,180,180,180,180,-0.6848823335197197
181,181,181,181,181,181,-0.6631464501679059
182,182,182,182,182,182,-0.6421932909578361
183,183,183,183,183,183,-0.6219919813542439
184,184,184,184,184,184,-0.6025129246025553
185,185,185,185,185,185,-0.5837277502274071
186,186,186,186,186,186,-0.5656092641503669
187,187,187,187,187,187,-0.5481314004463474
188,188,188,188,188,188,-0.5312691747455273
189,189,189,189,189,189,-0.5149986392770151
190,190,190,190,190,190,-0.4992968395415971
191,191,191,191,191,191,-0.48414177259359664
192,192,192,192,192,192,-0.46951234690582927
193,193,193,193,193,193,-0.45538834378674914
194,194,194,194,194,194,-0.4417503803149747
195,195,195,195,195,195,-0.4285798737532876
196,196,196,196,196,196,-0.41585900740186826
197,197,197,197,197,197,-0.4035706978487781
198,198,198,198,198,198,-0.3916985635744998
199,199,199,199,199,199,-0.38022689486657263
200,200,200,200,200,200,-0.369140625
201,201,201,201,201,201,-0.35842530263901656
202,202,202,202,202,202,-0.34806706541603954
203,203,203,203,203,203,-0.33805261464403347
204,204,204,204,204,204,-0.3283691911191482
205,205,205,205,205,205,-0.31900455197125166
206,206,206,206,206,206,-0.30994694852086474
207,207,207,207,207,207,-0.30118510510199425
208,208,208,208,208,208,-0.29270819881142157
209,209,209,209,209,209,-0.28450584014611446
210,210,210,210,210,210,-0.27656805449160116
211,211,211,211,211,211,-0.2688852644253202
212,212,212,212,212,212,-0.26144827280016975
213,213,213,213,213,213,-0.25424824657469036
214,214,214,214,214,214,-0.2472767013575161
215,215,215,215,215,215,-0.24052548663493703
216,216,216,216,216,216,-0.2339867716515979
217,217,217,217,217,217,-0.22765303191552222
218,218,218,218,218,218,-0.2215170362998017
219,219,219,219,219,219,-0.21557183471440367
220,220,220,220,220,220,-0.20981074632264493
221,221,221,221,221,221,-0.2042273482779358
222,222,222,222,222,222,-0.1988154649574353
223,223,223,223,223,223,-0.1935691576702486
224,224,224,224,224,224,-0.18848271481876852
225,225,225,225,225,225,-0.18355064249268926
226,226,226,226,226,226,-0.1787676554761256
227,227,227,227,227,227,-0.17412866864912582
228,228,228,228,228,228,-0.16962878876571352
229,229,229,229,229,229,-0.16526330659137725
230,230,230,230,230,230,-0.1610276893837086
231,231,231,231,231,231,-0.15691757370061965
232,232,232,232,232,232,-0.15292875852127816
233,233,233,233,233,233,-0.14905719866557818
234,234,234,234,234,234,-0.14529899849861003
235,235,235,235,235,235,-0.14165040590721603
236,236,236,236,236,236,-0.1381078065363085
237,237,237,237,237,237,-0.13466771827319995
238,238,238,238,238,238,-0.13132678596873032
239,239,239,239,239,239,-0.12808177638450105
240,240,240,240,240,240,-0.12492957335601546
241,241,241,241,241,241,-0.12186717316200034
242,242,242,242,242,242,-0.11889168009063326
243,243,243,243,243,243,-0.11600030219383049
244,244,244,244,244,244,-0.11319034722116056
245,245,245,245,245,245,-0.11045921872534024
246,246,246,246,246,246,-0.10780441233164352
247,247,247,247,247,247,-0.10522351216390823
248,248,248,248,248,248,-0.10271418742016618
249,249,249,249,249,249,-0.10027418909124532
250,250,250,250,250,250,-0.09790134681600006
251,251,251,251,251,251,-0.09559356586711999
252,252,252,252,252,252,-0.09334882426174884
253,253,253,253,253,253,-0.09116516999140752
254,254,254,254,254,254,-0.08904071836597548
255,255,255,255,255,255,-0.08697364946672119
256,256,256,256,256,256,-0.08496220570360714
257,257,257,257,257,257,-0.08300468947231084
258,258,258,258,258,258,-0.0810994609066164
259,259,259,259,259,259,-0.07924493572202763
260,260,260,260,260,260,-0.07743958314664588
261,261,261,261,261,261,-0.07568192393553369
262,262,262,262,262,262,-0.07397052846496247
263,263,263,263,263,263,-0.07230401490310144
264,264,264,264,264,264,-0.07068104745386566
265,265,265,265,265,265,-0.06910033467078727
266,266,266,266,266,266,-0.06756062783791812
267,267,267,267,267,267,-0.06606071941490661
268,268,268,268,268,268,-0.06459944154351864
269,269,269,269,269,269,-0.06317566461299966
270,270,270,270,270,270,-0.061788295881787685
271,271,271,271,271,271,-0.06043627815320093
272,272,272,272,272,272,-0.05911858850282981
273,273,273,273,273,273,-0.057834237055464484
274,274,274,274,274,274,-0.05658226580948524
275,275,275,275,275,275,-0.05536174750673495
276,276,276,276,276,276,-0.05417178454598281
277,277,277,277,277,277,-0.05301150793816886
278,278,278,278,278,278,-0.05188007630170142
279,279,279,279,279,279,-0.050776674896155
280,280,280,280,280,280,-0.049700514692787405
281,281,281,281,281,281,-0.04865083148036677
282,282,282,282,282,282,-0.047626885004862445
283,283,283,283,283,283,-0.046627958141618776
284,284,284,284,284,284,-0.04565335609868985
285,285,285,285,285,285,-0.04470240565007081
286,286,286,286,286,286,-0.04377445439761649
287,287,287,287,287,287,-0.04286887006048984
288,288,288,288,288,288,-0.041985039791032554
289,289,289,289,289,289,-0.04112236951599869
290,290,290,290,290,290,-0.04028028330213567
291,291,291,291,291,291,-0.03945822274514227
292,292,292,292,292,292,-0.038655646381074264
293,293,293,293,293,293,-0.037872029119306365
294,294,294,294,294,294,-0.0371068616961989
295,295,295,295,295,295,-0.03635965014865295
296,296,296,296,296,296,-0.035629915306771
297,297,297,297,297,297,-0.03491719230487517
298,298,298,298,298,298,-0.0342210301101647
299,299,299,299,299,299,-0.03354099106832555
300,300,300,300,300,300,-0.03287665046543265
301,301,301,301,301,301,-0.03222759610551402
302,302,302,302,302,302,-0.031593427903170844
303,303,303,303,303,303,-0.030973757490673912
304,304,304,304,304,304,-0.030368207838979828
305,305,305,305,305,305,-0.029776412892133505
306,306,306,306,306,306,-0.02919801721454621
307,307,307,307,307,307,-0.02863267565065782
308,308,308,308,308,308,-0.028080052996513487
309,309,309,309,309,309,-0.027539823682803135
310,310,310,310,310,310,-0.027011671468931072
311,311,311,311,311,311,-0.026495289147699955
312,312,312,312,312,312,-0.02599037826021085
313,313,313,313,313,313,-0.025496648820596796
314,314,314,314,314,314,-0.02501381905022249
315,315,315,315,315,315,-0.02454161512099776
316,316,316,316,316,316,-0.024079770907466616
317,317,317,317,317,317,-0.02362802774734665
318,318,318,318,318,318,-0.023186134210207213
319,319,319,319,319,319,-0.022753845873986486
320,320,320,320,320,320,-0.022330925109059763
321,321,321,321,321,321,-0.021917140869582744
322,322,322,322,322,322,-0.02151226849184397
323,323,323,323,323,323,-0.021116089499371563
324,324,324,324,324,324,-0.020728391414548922
325,325,325,325,325,325,-0.020348967576504173
326,326,326,326,326,326,-0.019977616965046276
327,327,327,327,327,327,-0.019614144030430977
328,328,328,328,328,328,-0.019258358528746813
329,329,329,329,329,329,-0.018910075362720144
330,330,330,330,330,330,-0.01856911442774615
331,331,331,331,331,331,-0.018235300462959278
332,332,332,332,332,332,-0.017908462907164847
333,333,333,333,333,333,-0.017588435759459228
334,334,334,334,334,334,-0.017275057444373708
335,335,335,335,335,335,-0.0169681706813823
336,336,336,336,336,336,-0.016667622358620647
337,337,337,337,337,337,-0.016373263410668585
338,338,338,338,338,338,-0.01608494870025451
339,339,339,339,339,339,-0.01580253690374496
340,340,340,340,340,340,-0.015525890400288232
341,341,341,341,341,341,-0.015254875164485282
342,342,342,342,342,342,-0.014989360662466346
343,343,343,343,343,343,-0.014729219751256002
344,344,344,344,344,344,-0.01447432858131359
345,345,345,345,345,345,-0.014224566502140615
346,346,346,346,346,346,-0.013979815970850034
347,347,347,347,347,347,-0.013739962463596827
348,348,348,348,348,348,-0.013504894389772542
349,349,349,349,349,349,-0.013274503008870302
350,350,350,350,350,350,-0.013048682349929943
351,351,351,351,351,351,-0.012827329133476511
352,352,352,352,352,352,-0.012610342695868219
353,353,353,353,353,353,-0.012397624915973224
354,354,354,354,354,354,-0.012189080144097392
355,355,355,355,355,355,-0.01198461513308795
356,356,356,356,356,356,-0.011784138971540821
357,357,357,357,357,357,-0.011587563019041805
358,358,358,358,358,358,-0.011394800843374435
359,359,359,359,359,359,-0.011205768159629642
360,360,360,360,360,360,-0.0110203827711546
361,361,361,361,361,361,-0.01083856451228059
362,362,362,362,362,362,-0.010660235192771548
363,363,363,363,363,363,-0.0104853185439372
364,364,364,364,364,364,-0.010313740166356625
365,365,365,365,365,365,-0.010145427479159959
366,366,366,366,366,366,-0.009980309670817858
367,367,367,367,367,367,-0.00981831765138987
368,368,368,368,368,368,-0.009659384006185018
369,369,369,369,369,369,-0.009503442950788962
370,370,370,370,370,370,-0.009350430287414094
371,371,371,371,371,371,-0.009200283362530228
372,372,372,372,372,372,-0.009052941025735254
373,373,373,373,373,373,-0.008908343589826019
374,374,374,374,374,374,-0.008766432792031641
375,375,375,375,375,375,-0.008627151756372457
376,376,376,376,376,376,-0.008490444957108968
377,377,377,377,377,377,-0.008356258183246595
378,378,378,378,378,378,-0.008224538504063064
379,379,379,379,379,379,-0.008095234235626523
380,380,380,380,380,380,-0.007968294908273195
381,381,381,381,381,381,-0.007843671235014995
382,382,382,382,382,382,-0.007721315080847961
383,383,383,383,383,383,-0.007601179432933782
384,384,384,384,384,384,-0.007483218371627254
385,385,385,385,385,385,-0.007367387042323777
386,386,386,386,386,386,-0.007253641628101482
387,387,387,387,387,387,-0.007141939323133738
388,388,388,388,388,388,-0.0070322383068483875
389,389,389,389,389,389,-0.006924497718811025
390,390,390,390,390,390,-0.0068186776343101
391,391,391,391,391,391,-0.0067147390406227005
392,392,392,392,392,392,-0.006612643813940258
393,393,393,393,393,393,-0.006512354696934346
394,394,394,394,394,394,-0.006413835276943151
395,395,395,395,395,395,-0.006317049964760064
396,396,396,396,396,396,-0.006221963974006216
397,397,397,397,397,397,-0.0061285433010695965
398,398,398,398,398,398,-0.006036754705593752
399,399,399,399,399,399,-0.005946565691499729
400,400,400,400,400,400,-0.005857944488525391
401,401,401,401,401,401,-0.0057708600342668516
402,402,402,402,402,402,-0.005685281956707075
403,403,403,403,403,403,-0.005601180557217364
404,404,404,404,404,404,-0.005518526794017743
405,405,405,405,405,405,-0.005437292266082836
406,406,406,406,406,406,-0.0053574491974801635
407,407,407,407,407,407,-0.005278970422128169
408,408,408,408,408,408,-0.005201829368961897
409,409,409,409,409,409,-0.005126000047494293
410,410,410,410,410,410,-0.0050514570337617595
411,411,411,411,411,411,-0.004978175456642816
412,412,412,412,412,412,-0.0049061309845391116
413,413,413,413,413,413,-0.004835299812408318
414,414,414,414,414,414,-0.0047656586491388285
415,415,415,415,415,415,-0.0046971847052564636
416,416,416,416,416,416,-0.004629855680953643
417,417,417,417,417,417,-0.004563649754431905
418,418,418,418,418,418,-0.004498545570548776
419,419,419,419,419,419,-0.004434522229760406
420,420,420,420,420,420,-0.004371559277351544
421,421,421,421,421,421,-0.004309636692944772
422,422,422,422,422,422,-0.004248734880281108
423,423,423,423,423,423,-0.004188834657264318
424,424,424,424,424,424,-0.0041299172462616026
425,425,425,425,425,425,-0.004071964264653396
426,426,426,426,426,426,-0.004014957715625366
427,427,427,427,427,427,-0.003958879979195878
428,428,428,428,428,428,-0.00390371380347232
429,429,429,429,429,429,-0.0038494422961299958
430,430,430,430,430,430,-0.003796048916107388
431,431,431,431,431,431,-0.0037435174655118136
432,432,432,432,432,432,-0.003691832081729725
433,433,433,433,433,433,-0.003640977229735935
434,434,434,434,434,434,-0.0035909376945964244
435,435,435,435,435,435,-0.0035416985741593267
436,436,436,436,436,436,-0.0034932452719290256
437,437,437,437,437,437,-0.003445563490118326
438,438,438,438,438,438,-0.003398639222873911
439,439,439,439,439,439,-0.003352458749670328
440,440,440,440,440,440,-0.003307008628867953
441,441,441,441,441,441,-0.0032622756914305723
442,442,442,442,442,442,-0.0032182470347981627
443,443,443,443,443,443,-0.0031749100169108173
444,444,444,444,444,444,-0.0031322522503796726
445,445,445,445,445,445,-0.0030902615968009402
446,446,446,446,446,446,-0.0030489261612092425
447,447,447,447,447,447,-0.00300823428666647
448,448,448,448,448,448,-0.0029681745489826598
449,449,449,449,449,449,-0.0029287357515652805
450,450,450,450,450,450,-0.002889906920393603
451,451,451,451,451,451,-0.002851677299114843
452,452,452,452,452,452,-0.0028140363442588044
453,453,453,453,453,453,-0.0027769737205679992
454,454,454,454,454,454,-0.0027404792964401477
455,455,455,455,455,455,-0.002704543139480131
456,456,456,456,456,456,-0.0026691555121585355
457,457,457,457,457,457,-0.0026343068675740416
458,458,458,458,458,458,-0.0025999878453168957
459,459,459,459,459,459,-0.0025661892674308825
460,460,460,460,460,460,-0.0025329021344712467
461,461,461,461,461,461,-0.002500117621656067
462,462,462,462,462,462,-0.0024678270751086664
463,463,463,463,463,463,-0.002436022008188741
464,464,464,464,464,464,-0.002404694097909906
465,465,465,465,465,465,-0.002373835181441457
466,466,466,466,466,466,-0.0023434372526921817
467,467,467,467,467,467,-0.002313492458974135
468,468,468,468,468,468,-0.0022839930977443406
469,469,469,469,469,469,-0.0022549316134224417
470,470,470,470,470,470,-0.0022263005942823517
471,471,471,471,471,471,-0.002198092769416069
472,472,472,472,472,472,-0.0021703010057678063
473,473,473,473,473,473,-0.0021429183052366755
474,474,474,474,474,474,-0.0021159378018461793
475,475,475,475,475,475,-0.0020893527589788794
476,476,476,476,476,476,-0.002063156566674562
477,477,477,477,477,477,-0.002037342738990334
478,478,478,478,478,478,-0.002011904911421112
479,479,479,479,479,479,-0.001986836838378987
480,480,480,480,480,480,-0.001962132390730003
481,481,481,481,481,481,-0.0019377855533869385
482,482,482,482,482,482,-0.0019137904229566936
483,483,483,483,483,483,-0.0018901412054409428
484,484,484,484,484,484,-0.0018668322139887247
485,485,485,485,485,485,-0.0018438578666997178
486,486,486,486,486,486,-0.001821212684476941
487,487,487,487,487,487,-0.0017988912889276584
488,488,488,488,488,488,-0.0017768884003113515
489,489,489,489,489,489,-0.0017551988355335453
490,490,490,490,490,490,-0.0017338175061844521
491,491,491,491,491,491,-0.0017127394166212657
492,492,492,492,492,492,-0.0016919596620931059
493,493,493,493,493,493,-0.0016714734269075576
494,494,494,494,494,494,-0.0016512759826377897
495,495,495,495,495,495,-0.001631362686369304
496,496,496,496,496,496,-0.0016117289789853355
497,497,497,497,497,497,-0.0015923703834899948
498,498,498,498,498,498,-0.0015732825033682267
499,499,499,499,499,499,-0.0015544610209817379
500,500,500,500,500,500,-0.0015359016960000006
501,501,501,501,501,501,-0.0015176003638655144
502,502,502,502,502,502,-0.0014995529342925215
503,503,503,503,503,503,-0.0014817553897983574
504,504,504,504,504,504,-0.0014642037842666758
505,505,505,505,505,505,-0.001446894241541821
506,506,506,506,506,506,-0.0014298229540535554
507,507,507,507,507,507,-0.0014129861814714858
508,508,508,508,508,508,-0.001396380249388455
509,509,509,509,509,509,-0.0013800015480322345
510,510,510,510,510,510,-0.0013638465310048583
511,511,511,511,511,511,-0.0013479117140489329
512,512,512,512,512,512,-0.0013321936738403236
513,513,513,513,513,513,-0.001316689046806578
514,514,514,514,514,514,-0.0013013945279705134
515,515,515,515,515,515,-0.0012863068698183505
516,516,516,516,516,516,-0.0012714228811918718
517,517,517,517,517,517,-0.0012567394262040029
518,518,518,518,518,518,-0.00124225342317732
519,519,519,519,519,519,-0.0012279618436049147
520,520,520,520,520,520,-0.0012138617111331427
521,521,521,521,521,521,-0.001199950100565725
522,522,522,522,522,522,-0.001186224136888733
523,523,523,523,523,523,-0.0011726809943159635
524,524,524,524,524,524,-0.0011593178953542597
525,525,525,525,525,525,-0.0011461321098883033
526,526,526,526,526,526,-0.0011331209542844568
527,527,527,527,527,527,-0.0011202817905132045
528,528,528,528,528,528,-0.0011076120252897852
529,529,529,529,529,529,-0.0010951091092326057
530,530,530,530,530,530,-0.0010827705360390266
531,531,531,531,531,531,-0.0010705938416781335
532,532,532,532,532,532,-0.0010585766036001222
533,533,533,533,533,533,-0.0010467164399619062
534,534,534,534,534,534,-0.0010350110088686005
535,535,535,535,535,535,-0.0010234580076305215
536,536,536,536,536,536,-0.0010120551720353619
537,537,537,537,537,537,-0.001000800275635185
538,538,538,538,538,538,-0.000989691129047944
539,539,539,539,539,539,-0.0009787255792731663
540,540,540,540,540,540,-0.0009679015090215184
541,541,541,541,541,541,-0.0009572168360579325
542,542,542,542,542,542,-0.0009466695125579901
543,543,543,543,543,543,-0.0009362575244772947
544,544,544,544,544,544,-0.0009259788909335172
545,545,545,545,545,545,-0.0009158316636008595
546,546,546,546,546,546,-0.0009058139261166574
547,547,547,547,547,547,-0.0008959237934998587
548,548,548,548,548,548,-0.0008861594115811094
549,549,549,549,549,549,-0.0008765189564442123
550,550,550,550,550,550,-0.0008670006338786979
551,551,551,551,551,551,-0.0008576026788432688
552,552,552,552,552,552,-0.0008483233549398868
553,553,553,553,553,553,-0.0008391609538982713
554,554,554,554,554,554,-0.0008301137950705804
555,555,555,555,555,555,-0.0008211802249360592
556,556,556,556,556,556,-0.0008123586166154492
557,557,557,557,557,557,-0.0008036473693949269
558,558,558,558,558,558,-0.0007950449082593935
559,559,559,559,559,559,-0.0007865496834349025
560,560,560,560,560,560,-0.000778160169940028
561,561,561,561,561,561,-0.0007698748671459932
562,562,562,562,562,562,-0.0007616922983453631
563,563,563,563,563,563,-0.0007536110103291276
564,564,564,564,564,564,-0.0007456295729719938
565,565,565,565,565,565,-0.0007377465788257089
566,566,566,566,566,566,-0.000729960642720261
567,567,567,567,567,567,-0.0007222704013727632
568,568,568,568,568,568,-0.0007146745130038961
569,569,569,569,569,569,-0.0007071716569617162
570,570,570,570,570,570,-0.0006997605333526934
571,571,571,571,571,571,-0.0006924398626798312
572,572,572,572,572,572,-0.0006852083854877016
573,573,573,573,573,573,-0.0006780648620142733
574,574,574,574,574,574,-0.0006710080718493736
575,575,575,575,575,575,-0.0006640368135996585
576,576,576,576,576,576,-0.0006571499045599518
577,577,577,577,577,577,-0.0006503461803908186
578,578,578,578,578,578,-0.0006436244948022445
579,579,579,579,579,579,-0.0006369837192433072
580,580,580,580,580,580,-0.0006304227425976936
581,581,581,581,581,581,-0.000623940470884962
582,582,582,582,582,582,-0.0006175358269674301
583,583,583,583,583,583,-0.0006112077502625567
584,584,584,584,584,584,-0.0006049551964607249
585,585,585,585,585,585,-0.000598777137248306
586,586,586,586,586,586,-0.0005926725600358968
587,587,587,587,587,587,-0.0005866404676916283
588,588,588,588,588,588,-0.0005806798782794428
589,589,589,589,589,589,-0.0005747898248022314
590,590,590,590,590,590,-0.0005689693549497456
591,591,591,591,591,591,-0.0005632175308511758
592,592,592,592,592,592,-0.000557533428832308
593,593,593,593,593,593,-0.0005519161391771664
594,594,594,594,594,594,-0.0005463647658940474
595,595,595,595,595,595,-0.0005408784264858639
596,596,596,596,596,596,-0.0005354562517247062
597,597,597,597,597,597,-0.0005300973854305408
598,598,598,598,598,598,-0.0005248009842539589
599,599,599,599,599,599,-0.0005195662174629026
600,600,600,600,600,600,-0.0005143922667332777
601,601,601,601,601,601,-0.0005092783259433869
602,602,602,602,602,602,-0.0005042236009720993
603,603,603,603,603,603,-0.0004992273095006886
604,604,604,604,604,604,-0.0004942886808182646
605,605,605,605,605,605,-0.0004894069556307227
606,606,606,606,606,606,-0.0004845813858731533
607,607,607,607,607,607,-0.0004798112345256288
608,608,608,608,608,608,-0.0004750957754323158
609,609,609,609,609,609,-0.0004704342931238327
610,610,610,610,610,610,-0.0004658260826428077
611,611,611,611,611,611,-0.000461270449372553
612,612,612,612,612,612,-0.00045676670886881076
613,613,613,613,613,613,-0.00045231418669450636
614,614,614,614,614,614,-0.00044791221825744675
615,615,615,615,615,615,-0.00044356014865091104
616,616,616,616,616,616,-0.00043925733249707493
617,617,617,617,617,617,-0.0004350031337932143
618,618,618,618,618,618,-0.0004307969257606364
619,619,619,619,619,619,-0.00042663809069628486
620,620,620,620,620,620,-0.0004225260198269609
621,621,621,621,621,621,-0.0004184601131661246
622,622,622,622,622,622,-0.0004144397793732107
623,623,623,623,623,623,-0.00041046443561542175
624,624,624,624,624,624,-0.00040653350743194693
625,625,625,625,625,625,-0.00040264642860055895
626,626,626,626,626,626,-0.0003988026410065483
627,627,627,627,627,627,-0.00039500159451394526
628,628,628,628,628,628,-0.0003912427468389874
629,629,629,629,629,629,-0.00038752556342579457
630,630,630,630,630,630,-0.00038384951732420134
631,631,631,631,631,631,-0.00038021408906971317
632,632,632,632,632,632,-0.00037661876656554244
633,633,633,633,633,633,-0.00037306304496668524
634,634,634,634,634,634,-0.0003695464265660034
635,635,635,635,635,635,-0.0003660684206822701
636,636,636,636,636,636,-0.00036262854355014357
637,637,637,637,637,637,-0.0003592263182120347
638,638,638,638,638,638,-0.0003558612744118302
639,639,639,639,639,639,-0.00035253294849043785
640,640,640,640,640,640,-0.0003492408832831209
641,641,641,641,641,641,-0.00034598462801858627
642,642,642,642,642,642,-0.00034276373821979356
643,643,643,643,643,643,-0.0003395777756064586
644,644,644,644,644,644,-0.0003364263079992085
645,645,645,645,645,645,-0.0003333089092253725
646,646,646,646,646,646,-0.0003302251590263643
647,647,647,647,647,647,-0.00032717464296663605
648,648,648,648,648,648,-0.00032415695234417214
649,649,649,649,649,649,-0.00032117168410249094
650,650,650,650,650,650,-0.0003182184407441336
651,651,651,651,651,651,-0.0003152968302456046
652,652,652,652,652,652,-0.00031240646597374607
653,653,653,653,653,653,-0.00030954696660351284
654,654,654,654,654,654,-0.00030671795603712487
655,655,655,655,655,655,-0.00030391906332457317
656,656,656,656,656,656,-0.0003011499225854515
657,657,657,657,657,657,-0.0002984101729320956
658,658,658,658,658,658,-0.00029569945839399747
659,659,659,659,659,659,-0.00029301742784348033
660,660,660,660,660,660,-0.0002903637349226046
661,661,661,661,661,661,-0.00028773803797128747
662,662,662,662,662,662,-0.0002851399999566117
663,663,663,663,663,663,-0.0002825692884033026
664,664,664,664,664,664,-0.00028002557532535213
665,665,665,665,665,665,-0.00027750853715876846
666,666,666,666,666,666,-0.00027501785469543667
667,667,667,667,667,667,-0.00027255321301805917
668,668,668,668,668,668,-0.00027011430143616824
669,669,669,669,669,669,-0.0002677008134231863
670,670,670,670,670,670,-0.0002653124465545119
671,671,671,671,671,671,-0.0002629489024466223
672,672,672,672,672,672,-0.0002606098866971637
673,673,673,673,673,673,-0.0002582951088260208
674,674,674,674,674,674,-0.0002560042822173429
675,675,675,675,675,675,-0.00025373712406251083
676,676,676,676,676,676,-0.0002514933553040295
677,677,677,677,677,677,-0.00024927270058032756
678,678,678,678,678,678,-0.0002470748881714496
679,679,679,679,679,679,-0.00024489964994562637
680,680,680,680,680,680,-0.00024274672130670266
681,681,681,681,681,681,-0.00024061584114241466
682,682,682,682,682,682,-0.0002385067517734961
683,683,683,683,683,683,-0.0002364191989036021
684,684,684,684,684,684,-0.00023435293157003496
685,685,685,685,685,685,-0.00023230770209525892
686,686,686,686,686,686,-0.0002302832660391876
687,687,687,687,687,687,-0.00022827938215223449
688,688,688,688,688,688,-0.00022629581232911156
689,689,689,689,689,689,-0.00022433232156335954
690,690,690,690,690,690,-0.00022238867790260562
691,691,691,691,691,691,-0.00022046465240452466
692,692,692,692,692,692,-0.00021856001909350384
693,693,693,693,693,693,-0.00021667455491798733
694,694,694,694,694,694,-0.00021480803970849946
695,695,695,695,695,695,-0.0002129602561363249
696,696,696,696,696,696,-0.0002111309896728437
697,697,697,697,697,697,-0.00020932002854950364
698,698,698,698,698,698,-0.0002075271637184211
699,699,699,699,699,699,-0.00020575218881360022
700,700,700,700,700,700,-0.00020399490011275865
701,701,701,701,701,701,-0.00020225509649975188
702,702,702,702,702,702,-0.00020053257942758099
703,703,703,703,703,703,-0.00019882715288198097
704,704,704,704,704,704,-0.000197138623345572
705,705,705,705,705,705,-0.00019546679976257175
706,706,706,706,706,706,-0.00019381149350405262
707,707,707,707,707,707,-0.0001921725183337395
708,708,708,708,708,708,-0.00019054969037433534
709,709,709,709,709,709,-0.00018894282807436913
710,710,710,710,710,710,-0.00018735175217555385
711,711,711,711,711,711,-0.00018577628568064916
712,712,712,712,712,712,-0.00018421625382181793
713,713,713,713,713,713,-0.00018267148402946863
714,714,714,714,714,714,-0.00018114180590157858
715,715,715,715,715,715,-0.00017962705117348374
716,716,716,716,716,716,-0.00017812705368813386
717,717,717,717,717,717,-0.00017664164936680203
718,718,718,718,718,718,-0.00017517067618023926
719,719,719,719,719,719,-0.00017371397412027124
720,720,720,720,720,720,-0.00017227138517182701
721,721,721,721,721,721,-0.00017084275328539084
722,722,722,722,722,722,-0.00016942792434987593
723,723,723,723,723,723,-0.00016802674616590537
724,724,724,724,724,724,-0.0001666390684195012
725,725,725,725,725,725,-0.00016526474265616878
726,726,726,726,726,726,-0.0001639036222553737
727,727,727,727,727,727,-0.0001625555624054028
728,728,728,728,728,728,-0.0001612204200786046
729,729,729,729,729,729,-0.00015989805400700094
730,730,730,730,730,730,-0.00015858832465826575
731,731,731,731,731,731,-0.00015729109421206387
732,732,732,732,732,732,-0.00015600622653674334
733,733,733,733,733,733,-0.00015473358716637704
734,734,734,734,734,734,-0.00015347304327814802
735,735,735,735,735,735,-0.00015222446367006988
736,736,736,736,736,736,-0.00015098771873904083
737,737,737,737,737,737,-0.00014976268045922394
738,738,738,738,738,738,-0.00014854922236074772
739,739,739,739,739,739,-0.00014734721950872317
740,740,740,740,740,740,-0.0001461565484825715
741,741,741,741,741,741,-0.00014497708735565815
742,742,742,742,742,742,-0.00014380871567522743
743,743,743,743,743,743,-0.00014265131444263267
744,744,744,744,744,744,-0.0001415047660938579
745,745,745,745,745,745,-0.00014036895448032757
746,746,746,746,746,746,-0.00013924376484999564
747,747,747,747,747,747,-0.00013812908382871436
748,748,748,748,748,748,-0.00013702479940187564
749,749,749,749,749,749,-0.0001359308008963198
750,750,750,750,750,750,-0.0001348469789625114
751,751,751,751,751,751,-0.00013377322555697195
752,752,752,752,752,752,-0.00013270943392497167
753,753,753,753,753,753,-0.00013165549858347176
754,754,754,754,754,754,-0.00013061131530431474
755,755,755,755,755,755,-0.0001295767810976587
756,756,756,756,756,756,-0.0001285517941956532
757,757,757,757,757,757,-0.00012753625403635012
758,758,758,758,758,758,-0.0001265300612478467
759,759,759,759,759,759,-0.00012553311763266
760,760,760,760,760,760,-0.00012454532615232435
761,761,761,761,761,761,-0.00012356659091221218
762,762,762,762,762,762,-0.00012259681714657224
763,763,763,763,763,763,-0.00012163591120378389
764,764,764,764,764,764,-0.0001206837805318219
765,765,765,765,765,765,-0.00011974033366393038
766,766,766,766,766,766,-0.00011880548020450108
767,767,767,767,767,767,-0.0001178791308151541
768,768,768,768,768,768,-0.00011696119720101757
769,769,769,769,769,769,-0.00011605159209720162
770,770,770,770,770,770,-0.00011515022925546607
771,771,771,771,771,771,-0.00011425702343107842
772,772,772,772,772,772,-0.0001133718903698556
773,773,773,773,773,773,-0.00011249474679539343
774,774,774,774,774,774,-0.00011162551039647324
775,775,775,775,775,775,-0.00011076409981464995
776,776,776,776,776,776,-0.00010991043463201261
777,777,777,777,777,777,-0.00010906443535911998
778,778,778,778,778,778,-0.00010822602342310435
779,779,779,779,779,779,-0.00010739512115594419
780,780,780,780,780,780,-0.00010657165178290074
781,781,781,781,781,781,-0.0001057555394111174
782,782,782,782,782,782,-0.00010494670901837875
783,783,783,783,783,783,-0.00010414508644202674
784,784,784,784,784,784,-0.00010335059836803285
785,785,785,785,785,785,-0.00010256317232022157
786,786,786,786,786,786,-0.00010178273664964533
787,787,787,787,787,787,-0.0001010092205241066
788,788,788,788,788,788,-0.00010024255391782653
789,789,789,789,789,789,-9.948266760125681e-05
790,790,790,790,790,790,-9.872949313103242e-05
791,791,791,791,791,791,-9.798296284006481e-05
792,792,792,792,792,792,-9.724300982777162e-05
793,793,793,793,793,793,-9.650956795044047e-05
794,794,794,794,794,794,-9.578257181172834e-05
795,795,795,795,795,795,-9.506195675328934e-05
796,796,796,796,796,796,-9.434765884553318e-05
797,797,797,797,797,797,-9.363961487851023e-05
798,798,798,798,798,798,-9.293776235292182e-05
799,799,799,799,799,799,-9.224203947125453e-05
800,800,800,800,800,800,-9.155238512903452e-05
801,801,801,801,801,801,-9.086873890620356e-05
802,802,802,802,802,802,-9.019104105861146e-05
803,803,803,803,803,803,-8.951923250962492e-05
804,804,804,804,804,804,-8.885325484185186e-05
805,805,805,805,805,805,-8.819305028897679e-05
806,806,806,806,806,806,-8.753856172770892e-05
807,807,807,807,807,807,-8.688973266983843e-05
808,808,808,808,808,808,-8.624650725440128e-05
809,809,809,809,809,809,-8.560883023994992e-05
810,810,810,810,810,810,-8.497664699692864e-05
811,811,811,811,811,811,-8.434990350015231e-05
812,812,812,812,812,812,-8.37285463213861e-05
813,813,813,813,813,813,-8.311252262202598e-05
814,814,814,814,814,814,-8.250178014587722e-05
815,815,815,815,815,815,-8.189626721203051e-05
816,816,816,816,816,816,-8.129593270783366e-05
817,817,817,817,817,817,-8.070072608195743e-05
818,818,818,818,818,818,-8.011059733755457e-05
819,819,819,819,819,819,-7.952549702551057e-05
820,820,820,820,820,820,-7.894537623778406e-05
821,821,821,821,821,821,-7.837018660083707e-05
822,822,822,822,822,822,-7.779988026915212e-05
823,823,823,823,823,823,-7.723440991883614e-05
824,824,824,824,824,824,-7.667372874130951e-05
825,825,825,825,825,825,-7.61177904370786e-05
826,826,826,826,826,826,-7.55665492095916e-05
827,827,827,827,827,827,-7.501995975917523e-05
828,828,828,828,828,828,-7.447797727705206e-05
829,829,829,829,829,829,-7.39405574394372e-05
830,830,830,830,830,830,-7.340765640171226e-05
831,831,831,831,831,831,-7.287923079267705e-05
832,832,832,832,832,832,-7.235523770887654e-05
833,833,833,833,833,833,-7.183563470900243e-05
834,834,834,834,834,834,-7.132037980836883e-05
835,835,835,835,835,835,-7.080943147345991e-05
836,836,836,836,836,836,-7.030274861654968e-05
837,837,837,837,837,837,-6.980029059039161e-05
838,838,838,838,838,838,-6.930201718297826e-05
839,839,839,839,839,839,-6.88078886123693e-05
840,840,840,840,840,840,-6.831786552158668e-05
841,841,841,841,841,841,-6.783190897357715e-05
842,842,842,842,842,842,-6.734998044623937e-05
843,843,843,843,843,843,-6.687204182751681e-05
844,844,844,844,844,844,-6.63980554105533e-05
845,845,845,845,845,845,-6.592798388891252e-05
846,846,846,846,846,846,-6.546179035185879e-05
847,847,847,847,847,847,-6.499943827969896e-05
848,848,848,848,848,848,-6.454089153918497e-05
849,849,849,849,849,849,-6.408611437897544e-05
850,850,850,850,850,850,-6.363507142515596e-05
851,851,851,851,851,851,-6.31877276768171e-05
852,852,852,852,852,852,-6.27440485016893e-05
853,853,853,853,853,853,-6.230399963183387e-05
854,854,854,854,854,854,-6.186754715938949e-05
855,855,855,855,855,855,-6.143465753237308e-05
856,856,856,856,856,856,-6.100529755053457e-05
857,857,857,857,857,857,-6.0579434361264645e-05
858,858,858,858,858,858,-6.015703545555481e-05
859,859,859,859,859,859,-5.973806866400937e-05
860,860,860,860,860,860,-5.932250215290753e-05
861,861,861,861,861,861,-5.891030442031655e-05
862,862,862,862,862,862,-5.8501444292253454e-05
863,863,863,863,863,863,-5.809589091889652e-05
864,864,864,864,864,864,-5.769361377084373e-05
865,865,865,865,865,865,-5.729458263541973e-05
866,866,866,866,866,866,-5.68987676130289e-05
867,867,867,867,867,867,-5.650613911355471e-05
868,868,868,868,868,868,-5.6116667852804576e-05
869,869,869,869,869,869,-5.5730324848999795e-05
870,870,870,870,870,870,-5.534708141930938e-05
871,871,871,871,871,871,-5.496690917642785e-05
872,872,872,872,872,872,-5.458978002519585e-05
873,873,873,873,873,873,-5.4215666159263265e-05
874,874,874,874,874,874,-5.3844540057794514e-05
875,875,875,875,875,875,-5.3476374482214465e-05
876,876,876,876,876,876,-5.311114247299603e-05
877,877,877,877,877,877,-5.274881734648701e-05
878,878,878,878,878,878,-5.238937269177712e-05
879,879,879,879,879,879,-5.203278236760414e-05
880,880,880,880,880,880,-5.1679020499298234e-05
881,881,881,881,881,881,-5.132806147576475e-05
882,882,882,882,882,882,-5.097987994650424e-05
883,883,883,883,883,883,-5.063445081866953e-05
884,884,884,884,884,884,-5.02917492541596e-05
885,885,885,885,885,885,-4.9951750666749155e-05
886,886,886,886,886,886,-4.9614430719253635e-05
887,887,887,887,887,887,-4.927976532072989e-05
888,888,888,888,888,888,-4.894773062371065e-05
889,889,889,889,889,889,-4.861830302147371e-05
890,890,890,890,890,890,-4.829145914534445e-05
891,891,891,891,891,891,-4.796717586203188e-05
892,892,892,892,892,892,-4.764543027099684e-05
893,893,893,893,893,893,-4.7326199701853355e-05
894,894,894,894,894,894,-4.700946171180107e-05
895,895,895,895,895,895,-4.669519408308991e-05
896,896,896,896,896,896,-4.638337482051506e-05
897,897,897,897,897,897,-4.6073982148942955e-05
898,898,898,898,898,898,-4.5766994510867635e-05
899,899,899,899,899,899,-4.546239056399659e-05
900,900,900,900,900,900,-4.51601491788662e-05
901,901,901,901,901,901,-4.4860249436486176e-05
902,902,902,902,902,902,-4.4562670626012545e-05
903,903,903,903,903,903,-4.4267392242449155e-05
904,904,904,904,904,904,-4.397439398437692e-05
905,905,905,905,905,905,-4.368365575171032e-05
906,906,906,906,906,906,-4.3395157643481745e-05
907,907,907,907,907,907,-4.310887995565189e-05
908,908,908,908,908,908,-4.282480317894705e-05
909,909,909,909,909,909,-4.2542907996722414e-05
910,910,910,910,910,910,-4.226317528285102e-05
911,911,911,911,911,911,-4.198558609963841e-05
912,912,912,912,912,912,-4.1710121695761845e-05
913,913,913,913,913,913,-4.1436763504234954e-05
914,914,914,914,914,914,-4.116549314039616e-05
915,915,915,915,915,915,-4.089629239992172e-05
916,916,916,916,916,916,-4.062914325686228e-05
917,917,917,917,917,917,-4.036402786170298e-05
918,918,918,918,918,918,-4.010092853944686e-05
919,919,919,919,919,919,-3.983982778772089e-05
920,920,920,920,920,920,-3.958070827490492e-05
921,921,921,921,921,921,-3.932355283828263e-05
922,922,922,922,922,922,-3.9068344482214516e-05
923,923,923,923,923,923,-3.88150663763328e-05
924,924,924,924,924,924,-3.8563701853757604e-05
925,925,925,925,925,925,-3.8314234409334235e-05
926,926,926,926,926,926,-3.80666476978914e-05
927,927,927,927,927,927,-3.782092553252024e-05
928,928,928,928,928,928,-3.757705188287325e-05
929,929,929,929,929,929,-3.733501087348391e-05
930,930,930,930,930,930,-3.709478678210536e-05
931,931,931,931,931,931,-3.685636403806945e-05
932,932,932,932,932,932,-3.661972722066459e-05
933,933,933,933,933,933,-3.638486105753274e-05
934,934,934,934,934,934,-3.615175042308547e-05
935,935,935,935,935,935,-3.5920380336938296e-05
936,936,936,936,936,936,-3.569073596236362e-05
937,937,937,937,937,937,-3.546280260476164e-05
938,938,938,938,938,938,-3.523656571014906e-05
939,939,939,939,939,939,-3.5012010863665825e-05
940,940,940,940,940,940,-3.4789123788098785e-05
941,941,941,941,941,941,-3.456789034242296e-05
942,942,942,942,942,942,-3.434829652035966e-05
943,943,943,943,943,943,-3.413032844895125e-05
944,944,944,944,944,944,-3.391397238715274e-05
945,945,945,945,945,945,-3.369921472443953e-05
946,946,946,946,946,946,-3.3486041979431356e-05
947,947,947,947,947,947,-3.32744407985321e-05
948,948,948,948,948,948,-3.3064397954585674e-05
949,949,949,949,949,949,-3.2855900345546845e-05
950,950,950,950,950,950,-3.2648934993167996e-05
951,951,951,951,951,951,-3.2443489041700765e-05
952,952,952,952,952,952,-3.223954975661258e-05
953,953,953,953,953,953,-3.203710452331813e-05
954,954,954,954,954,954,-3.1836140845925334e-05
955,955,955,955,955,955,-3.163664634599584e-05
956,956,956,956,956,956,-3.143860876131945e-05
957,957,957,957,957,957,-3.124201594470303e-05
958,958,958,958,958,958,-3.1046855862772845e-05
959,959,959,959,959,959,-3.0853116594790976e-05
960,960,960,960,960,960,-3.066078633148497e-05
961,961,961,961,961,961,-3.046985337389102e-05
962,962,962,962,962,962,-3.0280306132210366e-05
963,963,963,963,963,963,-3.0092133124678476e-05
964,964,964,964,964,964,-2.990532297644747e-05
965,965,965,965,965,965,-2.9719864418480888e-05
966,966,966,966,966,966,-2.9535746286461347e-05
967,967,967,967,967,967,-2.9352957519710198e-05
968,968,968,968,968,968,-2.917148716011986e-05
969,969,969,969,969,969,-2.8991324351097884e-05
970,970,970,970,970,970,-2.8812458336523267e-05
971,971,971,971,971,971,-2.863487845971423e-05
972,972,972,972,972,972,-2.8458574162407845e-05
973,973,973,973,973,973,-2.828353498375132e-05
974,974,974,974,974,974,-2.81097505593042e-05
975,975,975,975,975,975,-2.793721062005232e-05
976,976,976,976,976,976,-2.7765904991432426e-05
977,977,977,977,977,977,-2.759582359236787e-05
978,978,978,978,978,978,-2.742695643431535e-05
979,979,979,979,979,979,-2.7259293620322e-05
980,980,980,980,980,980,-2.709282534409324e-05
981,981,981,981,981,981,-2.6927541889070933e-05
982,982,982,982,982,982,-2.6763433627522037e-05
983,983,983,983,983,983,-2.6600491019637086e-05
984,984,984,984,984,984,-2.6438704612639147e-05
985,985,985,985,985,985,-2.627806503990239e-05
986,986,986,986,986,986,-2.6118563020080545e-05
987,987,987,987,987,987,-2.5960189356245092e-05
988,988,988,988,988,988,-2.5802934935033023e-05
989,989,989,989,989,989,-2.5646790725803975e-05
990,990,990,990,990,990,-2.549174777980682e-05
991,991,991,991,991,991,-2.5337797229355395e-05
992,992,992,992,992,992,-2.5184930287013366e-05
993,993,993,993,993,993,-2.5033138244788168e-05
994,994,994,994,994,994,-2.4882412473333687e-05
995,995,995,995,995,995,-2.473274442116195e-05
996,996,996,996,996,996,-2.458412561386329e-05
997,997,997,997,997,997,-2.4436547653335236e-05
998,998,998,998,998,998,-2.429000221701983e-05
999,999,999,999,999,999,-2.4144481057149293e-05
1000,1000,1000,1000,1000,1000,-2.3999976000000015e-05
1001,1001,1001,1001,1001,1001,-2.3856478945154675e-05
1002,1002,1002,1002,1002,1002,-2.3713981864772543e-05
1003,1003,1003,1003,1003,1003,-2.3572476802867622e-05
1004,1004,1004,1004,1004,1004,-2.3431955874594765e-05
1005,1005,1005,1005,1005,1005,-2.3292411265543637e-05
1006,1006,1006,1006,1006,1006,-2.315383523104013e-05
1007,1007,1007,1007,1007,1007,-2.3016220095455788e-05
1008,1008,1008,1008,1008,1008,-2.2879558251524433e-05
1009,1009,1009,1009,1009,1009,-2.27438421596663e-05
1010,1010,1010,1010,1010,1010,-2.2609064347319563e-05
1011,1011,1011,1011,1011,1011,-2.2475217408279077e-05
1012,1012,1012,1012,1012,1012,-2.2342294002042316e-05
1013,1013,1013,1013,1013,1013,-2.2210286853162435e-05
1014,1014,1014,1014,1014,1014,-2.2079188750608154e-05
1015,1015,1015,1015,1015,1015,-2.194899254713079e-05
1016,1016,1016,1016,1016,1016,-2.1819691158637988e-05
1017,1017,1017,1017,1017,1017,-2.1691277563574222e-05
1018,1018,1018,1018,1018,1018,-2.1563744802308068e-05
1019,1019,1019,1019,1019,1019,-2.143708597652594e-05
1020,1020,1020,1020,1020,1020,-2.1311294248632394e-05
1021,1021,1021,1021,1021,1021,-2.118636284115696e-05
1022,1022,1022,1022,1022,1022,-2.106228503616723e-05
1023,1023,1023,1023,1023,1023,-2.093905417468831e-05
1024,1024,1024,1024,1024,1024,-2.0816663656128454e-05
1025,1025,1025,1025,1025,1025,-2.069510693771086e-05
1026,1026,1026,1026,1026,1026,-2.0574377533911573e-05
1027,1027,1027,1027,1027,1027,-2.045446901590336e-05
1028,1028,1028,1028,1028,1028,-2.03353750110055e-05
1029,1029,1029,1029,1029,1029,-2.02170892021395e-05
1030,1030,1030,1030,1030,1030,-2.0099605327290573e-05
1031,1031,1031,1031,1031,1031,-1.998291717897488e-05
1032,1032,1032,1032,1032,1032,-1.9867018603712342e-05
1033,1033,1033,1033,1033,1033,-1.9751903501505184e-05
1034,1034,1034,1034,1034,1034,-1.9637565825321928e-05
1035,1035,1035,1035,1035,1035,-1.9523999580586898e-05
1036,1036,1036,1036,1036,1036,-1.9411198824675075e-05
1037,1037,1037,1037,1037,1037,-1.9299157666412376e-05
1038,1038,1038,1038,1038,1038,-1.9187870265581144e-05
1039,1039,1039,1039,1039,1039,-1.90773308324309e-05
1040,1040,1040,1040,1040,1040,-1.8967533627194322e-05
1041,1041,1041,1041,1041,1041,-1.8858472959608087e-05
1042,1042,1042,1042,1042,1042,-1.8750143188439104e-05
1043,1043,1043,1043,1043,1043,-1.8642538721015482e-05
1044,1044,1044,1044,1044,1044,-1.8535654012762432e-05
1045,1045,1045,1045,1045,1045,-1.842948356674324e-05
1046,1046,1046,1046,1046,1046,-1.8324021933204818e-05
1047,1047,1047,1047,1047,1047,-1.8219263709128207e-05
1048,1048,1048,1048,1048,1048,-1.811520353778365e-05
1049,1049,1049,1049,1049,1049,-1.8011836108290368e-05
1050,1050,1050,1050,1050,1050,-1.790915615518102e-05
1051,1051,1051,1051,1051,1051,-1.7807158457970555e-05
1052,1052,1052,1052,1052,1052,-1.770583784072967e-05
1053,1053,1053,1053,1053,1053,-1.760518917166271e-05
1054,1054,1054,1054,1054,1054,-1.7505207362689864e-05
1055,1055,1055,1055,1055,1055,-1.7405887369033868e-05
1056,1056,1056,1056,1056,1056,-1.7307224188810886e-05
1057,1057,1057,1057,1057,1057,-1.7209212862625625e-05
1058,1058,1058,1058,1058,1058,-1.7111848473170737e-05
1059,1059,1059,1059,1059,1059,-1.7015126144830322e-05
1060,1060,1060,1060,1060,1060,-1.6919041043287518e-05
1061,1061,1061,1061,1061,1061,-1.68235883751362e-05
1062,1062,1062,1062,1062,1062,-1.672876338749668e-05
1063,1063,1063,1063,1063,1063,-1.6634561367635286e-05
1064,1064,1064,1064,1064,1064,-1.6540977642588003e-05
1065,1065,1065,1065,1065,1065,-1.6448007578787938e-05
1066,1066,1066,1066,1066,1066,-1.6355646581696514e-05
1067,1067,1067,1067,1067,1067,-1.62638900954387e-05
1068,1068,1068,1068,1068,1068,-1.6172733602441683e-05
1069,1069,1069,1069,1069,1069,-1.6082172623077504e-05
1070,1070,1070,1070,1070,1070,-1.5992202715309276e-05
1071,1071,1071,1071,1071,1071,-1.5902819474340953e-05
1072,1072,1072,1072,1072,1072,-1.5814018532270765e-05
1073,1073,1073,1073,1073,1073,-1.572579555774818e-05
1074,1074,1074,1074,1074,1074,-1.5638146255634412e-05
1075,1075,1075,1075,1075,1075,-1.5551066366666276e-05
1076,1076,1076,1076,1076,1076,-1.5464551667123587e-05
1077,1077,1077,1077,1077,1077,-1.5378597968499932e-05
1078,1078,1078,1078,1078,1078,-1.529320111717672e-05
1079,1079,1079,1079,1079,1079,-1.5208356994100636e-05
1080,1080,1080,1080,1080,1080,-1.5124061514464303e-05
1081,1081,1081,1081,1081,1081,-1.5040310627390248e-05
1082,1082,1082,1082,1082,1082,-1.495710031561802e-05
1083,1083,1083,1083,1083,1083,-1.4874426595194513e-05
1084,1084,1084,1084,1084,1084,-1.4792285515167385e-05
1085,1085,1085,1085,1085,1085,-1.4710673157281678e-05
1086,1086,1086,1086,1086,1086,-1.4629585635679328e-05
1087,1087,1087,1087,1087,1087,-1.454901909660189e-05
1088,1088,1088,1088,1088,1088,-1.4468969718096176e-05
1089,1089,1089,1089,1089,1089,-1.4389433709722777e-05
1090,1090,1090,1090,1090,1090,-1.4310407312267787e-05
1091,1091,1091,1091,1091,1091,-1.4231886797457042e-05
1092,1092,1092,1092,1092,1092,-1.4153868467673607e-05
1093,1093,1093,1093,1093,1093,-1.407634865567786e-05
1094,1094,1094,1094,1094,1094,-1.3999323724330397e-05
1095,1095,1095,1095,1095,1095,-1.3922790066317905e-05
1096,1096,1096,1096,1096,1096,-1.3846744103881567e-05
1097,1097,1097,1097,1097,1097,-1.3771182288548235e-05
1098,1098,1098,1098,1098,1098,-1.3696101100864402e-05
1099,1099,1099,1099,1099,1099,-1.3621497050132685e-05
1100,1100,1100,1100,1100,1100,-1.3547366674151033e-05
1101,1101,1101,1101,1101,1101,-1.3473706538954468e-05
1102,1102,1102,1102,1102,1102,-1.3400513238559493e-05
1103,1103,1103,1103,1103,1103,-1.3327783394710907e-05
1104,1104,1104,1104,1104,1104,-1.3255513656631263e-05
1105,1105,1105,1105,1105,1105,-1.3183700700772769e-05
1106,1106,1106,1106,1106,1106,-1.3112341230571591e-05
1107,1107,1107,1107,1107,1107,-1.3041431976204703e-05
1108,1108,1108,1108,1108,1108,-1.2970969694349084e-05
1109,1109,1109,1109,1109,1109,-1.290095116794324e-05
1110,1110,1110,1110,1110,1110,-1.283137320595123e-05
1111,1111,1111,1111,1111,1111,-1.2762232643128919e-05
1112,1112,1112,1112,1112,1112,-1.269352633979251e-05
1113,1113,1113,1113,1113,1113,-1.2625251181589458e-05
1114,1114,1114,1114,1114,1114,-1.2557404079271562e-05
1115,1115,1115,1115,1115,1115,-1.2489981968470364e-05
1116,1116,1116,1116,1116,1116,-1.2422981809474642e-05
1117,1117,1117,1117,1117,1117,-1.2356400587010232e-05
1118,1118,1118,1118,1118,1118,-1.2290235310021886e-05
1119,1119,1119,1119,1119,1119,-1.2224483011457332e-05
1120,1120,1120,1120,1120,1120,-1.2159140748053467e-05
1121,1121,1121,1121,1121,1121,-1.2094205600124602e-05
1122,1122,1122,1122,1122,1122,-1.2029674671352786e-05
1123,1123,1123,1123,1123,1123,-1.1965545088580167e-05
1124,1124,1124,1124,1124,1124,-1.1901814001603481e-05
1125,1125,1125,1125,1125,1125,-1.1838478582970343e-05
1126,1126,1126,1126,1126,1126,-1.1775536027777749e-05
1127,1127,1127,1127,1127,1127,-1.1712983553472395e-05
1128,1128,1128,1128,1128,1128,-1.1650818399652983e-05
1129,1129,1129,1129,1129,1129,-1.1589037827874437e-05
1130,1130,1130,1130,1130,1130,-1.1527639121454051e-05
1131,1131,1131,1131,1131,1131,-1.1466619585279505e-05
1132,1132,1132,1132,1132,1132,-1.1405976545618687e-05
1133,1133,1133,1133,1133,1133,-1.1345707349931465e-05
1134,1134,1134,1134,1134,1134,-1.1285809366683154e-05
1135,1135,1135,1135,1135,1135,-1.1226279985159954e-05
1136,1136,1136,1136,1136,1136,-1.1167116615285941e-05
1137,1137,1137,1137,1137,1137,-1.1108316687442095e-05
1138,1138,1138,1138,1138,1138,-1.1049877652286792e-05
1139,1139,1139,1139,1139,1139,-1.0991796980578279e-05
1140,1140,1140,1140,1140,1140,-1.0934072162998707e-05
1141,1141,1141,1141,1141,1141,-1.0876700709979888e-05
1142,1142,1142,1142,1142,1142,-1.0819680151530712e-05
1143,1143,1143,1143,1143,1143,-1.076300803706631e-05
1144,1144,1144,1144,1144,1144,-1.0706681935238735e-05
1145,1145,1145,1145,1145,1145,-1.0650699433769342e-05
1146,1146,1146,1146,1146,1146,-1.059505813928275e-05
1147,1147,1147,1147,1147,1147,-1.0539755677142384e-05
1148,1148,1148,1148,1148,1148,-1.0484789691287632e-05
1149,1149,1149,1149,1149,1149,-1.0430157844072462e-05
1150,1150,1150,1150,1150,1150,-1.0375857816105746e-05
1151,1151,1151,1151,1151,1151,-1.0321887306092902e-05
1152,1152,1152,1152,1152,1152,-1.0268244030679198e-05
1153,1153,1153,1153,1153,1153,-1.0214925724294501e-05
1154,1154,1154,1154,1154,1154,-1.0161930138999483e-05
1155,1155,1155,1155,1155,1155,-1.0109255044333283e-05
1156,1156,1156,1156,1156,1156,-1.00568982271627e-05
1157,1157,1157,1157,1157,1157,-1.0004857491532695e-05
1158,1158,1158,1158,1158,1158,-9.953130658518369e-06
1159,1159,1159,1159,1159,1159,-9.901715566078393e-06
1160,1160,1160,1160,1160,1160,-9.85061006890972e-06
1161,1161,1161,1161,1161,1161,-9.799812038303743e-06
1162,1162,1162,1162,1162,1162,-9.749319362003794e-06
1163,1163,1163,1163,1163,1163,-9.699129944064023e-06
1164,1164,1164,1164,1164,1164,-9.649241704709504e-06
1165,1165,1165,1165,1165,1165,-9.599652580197751e-06
1166,1166,1166,1166,1166,1166,-9.550360522681541e-06
1167,1167,1167,1167,1167,1167,-9.501363500072993e-06
1168,1168,1168,1168,1168,1168,-9.452659495908896e-06
1169,1169,1169,1169,1169,1169,-9.404246509217364e-06
1170,1170,1170,1170,1170,1170,-9.356122554385729e-06
1171,1171,1171,1171,1171,1171,-9.308285661029607e-06
1172,1172,1172,1172,1172,1172,-9.260733873863313e-06
1173,1173,1173,1173,1173,1173,-9.21346525257134e-06
1174,1174,1174,1174,1174,1174,-9.166477871681177e-06
1175,1175,1175,1175,1175,1175,-9.119769820437235e-06
1176,1176,1176,1176,1176,1176,-9.073339202675948e-06
1177,1177,1177,1177,1177,1177,-9.027184136702087e-06
1178,1178,1178,1178,1178,1178,-8.981302755166189e-06
1179,1179,1179,1179,1179,1179,-8.935693204943148e-06
1180,1180,1180,1180,1180,1180,-8.890353647011902e-06
1181,1181,1181,1181,1181,1181,-8.845282256336294e-06
1182,1182,1182,1182,1182,1182,-8.800477221746963e-06
1183,1183,1183,1183,1183,1183,-8.755936745824418e-06
1184,1184,1184,1184,1184,1184,-8.711659044783136e-06
1185,1185,1185,1185,1185,1185,-8.667642348356743e-06
1186,1186,1186,1186,1186,1186,-8.623884899684278e-06
1187,1187,1187,1187,1187,1187,-8.58038495519747e-06
1188,1188,1188,1188,1188,1188,-8.537140784509132e-06
1189,1189,1189,1189,1189,1189,-8.494150670302473e-06
1190,1190,1190,1190,1190,1190,-8.451412908221555e-06
1191,1191,1191,1191,1191,1191,-8.40892580676264e-06
1192,1192,1192,1192,1192,1192,-8.366687687166646e-06
1193,1193,1193,1193,1193,1193,-8.324696883312511e-06
1194,1194,1194,1194,1194,1194,-8.282951741611585e-06
1195,1195,1195,1195,1195,1195,-8.241450620902956e-06
1196,1196,1196,1196,1196,1196,-8.20019189234979e-06
1197,1197,1197,1197,1197,1197,-8.159173939336546e-06
1198,1198,1198,1198,1198,1198,-8.11839515736722e-06
1199,1199,1199,1199,1199,1199,-8.077853953964427e-06
1200,1200,1200,1200,1200,1200,-8.037548748569499e-06
1201,1201,1201,1201,1201,1201,-7.997477972443434e-06
1202,1202,1202,1202,1202,1202,-7.957640068568733e-06
1203,1203,1203,1203,1203,1203,-7.918033491552253e-06
1204,1204,1204,1204,1204,1204,-7.878656707528756e-06
1205,1205,1205,1205,1205,1205,-7.839508194065525e-06
1206,1206,1206,1206,1206,1206,-7.800586440067715e-06
1207,1207,1207,1207,1207,1207,-7.761889945684631e-06
1208,1208,1208,1208,1208,1208,-7.723417222216837e-06
1209,1209,1209,1209,1209,1209,-7.685166792024101e-06
1210,1210,1210,1210,1210,1210,-7.647137188434213e-06
1211,1211,1211,1211,1211,1211,-7.609326955652579e-06
1212,1212,1212,1212,1212,1212,-7.5717346486726545e-06
1213,1213,1213,1213,1213,1213,-7.534358833187207e-06
1214,1214,1214,1214,1214,1214,-7.497198085500357e-06
1215,1215,1215,1215,1215,1215,-7.460250992440426e-06
1216,1216,1216,1216,1216,1216,-7.423516151273551e-06
1217,1217,1217,1217,1217,1217,-7.386992169618103e-06
1218,1218,1218,1218,1218,1218,-7.350677665359888e-06
1219,1219,1219,1219,1219,1219,-7.314571266568066e-06
1220,1220,1220,1220,1220,1220,-7.278671611411848e-06
1221,1221,1221,1221,1221,1221,-7.2429773480779765e-06
1222,1222,1222,1222,1222,1222,-7.207487134688887e-06
1223,1223,1223,1223,1223,1223,-7.1721996392216395e-06
1224,1224,1224,1224,1224,1224,-7.137113539427591e-06
1225,1225,1225,1225,1225,1225,-7.102227522752737e-06
1226,1226,1226,1226,1226,1226,-7.067540286258842e-06
1227,1227,1227,1227,1227,1227,-7.033050536545166e-06
1228,1228,1228,1228,1228,1228,-6.99875698967102e-06
1229,1229,1229,1229,1229,1229,-6.96465837107892e-06
1230,1230,1230,1230,1230,1230,-6.930753415518442e-06
1231,1231,1231,1231,1231,1231,-6.897040866970804e-06
1232,1232,1232,1232,1232,1232,-6.863519478574057e-06
1233,1233,1233,1233,1233,1233,-6.830188012548985e-06
1234,1234,1234,1234,1234,1234,-6.797045240125655e-06
1235,1235,1235,1235,1235,1235,-6.764089941470591e-06
1236,1236,1236,1236,1236,1236,-6.731320905614643e-06
1237,1237,1237,1237,1237,1237,-6.698736930381474e-06
1238,1238,1238,1238,1238,1238,-6.666336822316653e-06
1239,1239,1239,1239,1239,1239,-6.6341193966174305e-06
1240,1240,1240,1240,1240,1240,-6.602083477063086e-06
1241,1241,1241,1241,1241,1241,-6.570227895945935e-06
1242,1242,1242,1242,1242,1242,-6.538551494002898e-06
1243,1243,1243,1243,1243,1243,-6.5070531203477275e-06
1244,1244,1244,1244,1244,1244,-6.475731632403781e-06
1245,1245,1245,1245,1245,1245,-6.444585895837423e-06
1246,1246,1246,1246,1246,1246,-6.413614784492014e-06
1247,1247,1247,1247,1247,1247,-6.3828171803224334e-06
1248,1248,1248,1248,1248,1248,-6.352191973330264e-06
1249,1249,1249,1249,1249,1249,-6.321738061499436e-06
1250,1250,1250,1250,1250,1250,-6.291454350732558e-06
1251,1251,1251,1251,1251,1251,-6.261339754787693e-06
1252,1252,1252,1252,1252,1252,-6.2313931952157776e-06
1253,1253,1253,1253,1253,1253,-6.201613601298521e-06
1254,1254,1254,1254,1254,1254,-6.171999909986907e-06
1255,1255,1255,1255,1255,1255,-6.142551065840187e-06
1256,1256,1256,1256,1256,1256,-6.113266020965439e-06
1257,1257,1257,1257,1257,1257,-6.0841437349576355e-06
1258,1258,1258,1258,1258,1258,-6.055183174840218e-06
1259,1259,1259,1259,1259,1259,-6.026383315006259e-06
1260,1260,1260,1260,1260,1260,-5.997743137160032e-06
1261,1261,1261,1261,1261,1261,-5.969261630259211e-06
1262,1262,1262,1262,1262,1262,-5.940937790457443e-06
1263,1263,1263,1263,1263,1263,-5.912770621047529e-06
1264,1264,1264,1264,1264,1264,-5.884759132405052e-06
1265,1265,1265,1265,1265,1265,-5.856902341932469e-06
1266,1266,1266,1266,1266,1266,-5.829199274003747e-06
1267,1267,1267,1267,1267,1267,-5.801648959909436e-06
1268,1268,1268,1268,1268,1268,-5.774250437802227e-06
1269,1269,1269,1269,1269,1269,-5.747002752642993e-06
1270,1270,1270,1270,1270,1270,-5.719904956147265e-06
1271,1271,1271,1271,1271,1271,-5.692956106732216e-06
1272,1272,1272,1272,1272,1272,-5.6661552694640744e-06
1273,1273,1273,1273,1273,1273,-5.639501516005976e-06
1274,1274,1274,1274,1274,1274,-5.612993924566318e-06
1275,1275,1275,1275,1275,1275,-5.58663157984749e-06
1276,1276,1276,1276,1276,1276,-5.560413572995099e-06
1277,1277,1277,1277,1277,1277,-5.5343390015476085e-06
1278,1278,1278,1278,1278,1278,-5.508406969386422e-06
1279,1279,1279,1279,1279,1279,-5.482616586686367e-06
1280,1280,1280,1280,1280,1280,-5.456966969866652e-06
1281,1281,1281,1281,1281,1281,-5.431457241542182e-06
1282,1282,1282,1282,1282,1282,-5.406086530475354e-06
1283,1283,1283,1283,1283,1283,-5.380853971528222e-06
1284,1284,1284,1284,1284,1284,-5.355758705615079e-06
1285,1285,1285,1285,1285,1285,-5.330799879655467e-06
1286,1286,1286,1286,1286,1286,-5.30597664652755e-06
1287,1287,1287,1287,1287,1287,-5.281288165021917e-06
1288,1288,1288,1288,1288,1288,-5.256733599795774e-06
1289,1289,1289,1289,1289,1289,-5.232312121327505e-06
1290,1290,1290,1290,1290,1290,-5.20802290587164e-06
1291,1291,1291,1291,1291,1291,-5.183865135414195e-06
1292,1292,1292,1292,1292,1292,-5.159837997628414e-06
1293,1293,1293,1293,1293,1293,-5.1359406858308465e-06
1294,1294,1294,1294,1294,1294,-5.112172398937835e-06
1295,1295,1295,1295,1295,1295,-5.088532341422351e-06
1296,1296,1296,1296,1296,1296,-5.065019723271207e-06
1297,1297,1297,1297,1297,1297,-5.041633759942623e-06
1298,1298,1298,1298,1298,1298,-5.018373672324146e-06
1299,1299,1299,1299,1299,1299,-4.995238686690965e-06
1300,1300,1300,1300,1300,1300,-4.972228034664504e-06
1301,1301,1301,1301,1301,1301,-4.949340953171437e-06
1302,1302,1302,1302,1302,1302,-4.926576684403026e-06
1303,1303,1303,1303,1303,1303,-4.903934475774752e-06
1304,1304,1304,1304,1304,1304,-4.881413579886388e-06
1305,1305,1305,1305,1305,1305,-4.8590132544822984e-06
1306,1306,1306,1306,1306,1306,-4.8367327624121525e-06
1307,1307,1307,1307,1307,1307,-4.814571371591928e-06
1308,1308,1308,1308,1308,1308,-4.7925283549652444e-06
1309,1309,1309,1309,1309,1309,-4.770602990465041e-06
1310,1310,1310,1310,1310,1310,-4.74879456097556e-06
1311,1311,1311,1311,1311,1311,-4.727102354294643e-06
1312,1312,1312,1312,1312,1312,-4.705525663096357e-06
1313,1313,1313,1313,1313,1313,-4.684063784893937e-06
1314,1314,1314,1314,1314,1314,-4.662716022003009e-06
1315,1315,1315,1315,1315,1315,-4.641481681505156e-06
1316,1316,1316,1316,1316,1316,-4.620360075211753e-06
1317,1317,1317,1317,1317,1317,-4.599350519628146e-06
1318,1318,1318,1318,1318,1318,-4.57845233591808e-06
1319,1319,1319,1319,1319,1319,-4.557664849868472e-06
1320,1320,1320,1320,1320,1320,-4.536987391854435e-06
1321,1321,1321,1321,1321,1321,-4.516419296804619e-06
1322,1322,1322,1322,1322,1322,-4.49595990416683e-06
1323,1323,1323,1323,1323,1323,-4.475608557873938e-06
1324,1324,1324,1324,1324,1324,-4.4553646063100635e-06
1325,1325,1325,1325,1325,1325,-4.435227402277054e-06
1326,1326,1326,1326,1326,1326,-4.415196302961215e-06
1327,1327,1327,1327,1327,1327,-4.395270669900349e-06
1328,1328,1328,1328,1328,1328,-4.375449868951034e-06
1329,1329,1329,1329,1329,1329,-4.355733270256201e-06
1330,1330,1330,1330,1330,1330,-4.336120248212961e-06
1331,1331,1331,1331,1331,1331,-4.316610181440708e-06
1332,1332,1332,1332,1332,1332,-4.297202452749471e-06
1333,1333,1333,1333,1333,1333,-4.277896449108538e-06
1334,1334,1334,1334,1334,1334,-4.25869156161534e-06
1335,1335,1335,1335,1335,1335,-4.239587185464579e-06
1336,1336,1336,1336,1336,1336,-4.220582719917626e-06
1337,1337,1337,1337,1337,1337,-4.2016775682721634e-06
1338,1338,1338,1338,1338,1338,-4.182871137832054e-06
1339,1339,1339,1339,1339,1339,-4.164162839877499e-06
1340,1340,1340,1340,1340,1340,-4.145552089635418e-06
1341,1341,1341,1341,1341,1341,-4.127038306250066e-06
1342,1342,1342,1342,1342,1342,-4.108620912753882e-06
1343,1343,1343,1343,1343,1343,-4.09029933603863e-06
1344,1344,1344,1344,1344,1344,-4.072073006826708e-06
1345,1345,1345,1345,1345,1345,-4.05394135964272e-06
1346,1346,1346,1346,1346,1346,-4.035903832785293e-06
1347,1347,1347,1347,1347,1347,-4.017959868299112e-06
1348,1348,1348,1348,1348,1348,-4.0001089119471665e-06
1349,1349,1349,1349,1349,1349,-3.982350413183253e-06
1350,1350,1350,1350,1350,1350,-3.964683825124676e-06
1351,1351,1351,1351,1351,1351,-3.947108604525197e-06
1352,1352,1352,1352,1352,1352,-3.929624211748155e-06
1353,1353,1353,1353,1353,1353,-3.9122301107398805e-06
1354,1354,1354,1354,1354,1354,-3.8949257690032504e-06
1355,1355,1355,1355,1355,1355,-3.877710657571498e-06
1356,1356,1356,1356,1356,1356,-3.860584250982228e-06
1357,1357,1357,1357,1357,1357,-3.843546027251644e-06
1358,1358,1358,1358,1358,1358,-3.826595467848964e-06
1359,1359,1359,1359,1359,1359,-3.809732057671076e-06
1360,1360,1360,1360,1360,1360,-3.792955285017376e-06
1361,1361,1361,1361,1361,1361,-3.7762646415648025e-06
1362,1362,1362,1362,1362,1362,-3.759659622343103e-06
1363,1363,1363,1363,1363,1363,-3.7431397257102644e-06
1364,1364,1364,1364,1364,1364,-3.726704453328164e-06
1365,1365,1365,1365,1365,1365,-3.710353310138412e-06
1366,1366,1366,1366,1366,1366,-3.6940858043383754e-06
1367,1367,1367,1367,1367,1367,-3.677901447357416e-06
1368,1368,1368,1368,1368,1368,-3.6617997538333103e-06
1369,1369,1369,1369,1369,1369,-3.645780241588835e-06
1370,1370,1370,1370,1370,1370,-3.6298424316085866e-06
1371,1371,1371,1371,1371,1371,-3.6139858480159475e-06
1372,1372,1372,1372,1372,1372,-3.5982100180502492e-06
1373,1373,1373,1373,1373,1373,-3.5825144720441245e-06
1374,1374,1374,1374,1374,1374,-3.566898743401035e-06
1375,1375,1375,1375,1375,1375,-3.5513623685729838e-06
1376,1376,1376,1376,1376,1376,-3.5359048870383837e-06
1377,1377,1377,1377,1377,1377,-3.5205258412801333e-06
1378,1378,1378,1378,1378,1378,-3.5052247767638446e-06
1379,1379,1379,1379,1379,1379,-3.4900012419162717e-06
1380,1380,1380,1380,1380,1380,-3.4748547881038605e-06
1381,1381,1381,1381,1381,1381,-3.4597849696115297e-06
1382,1382,1382,1382,1382,1382,-3.444791343621567e-06
1383,1383,1383,1383,1383,1383,-3.429873470192748e-06
1384,1384,1384,1384,1384,1384,-3.4150309122395556e-06
1385,1385,1385,1385,1385,1385,-3.400263235511615e-06
1386,1386,1386,1386,1386,1386,-3.385570008573283e-06
1387,1387,1387,1387,1387,1387,-3.3709508027833793e-06
1388,1388,1388,1388,1388,1388,-3.356405192275088e-06
1389,1389,1389,1389,1389,1389,-3.341932753936026e-06
1390,1390,1390,1390,1390,1390,-3.327533067388461e-06
1391,1391,1391,1391,1391,1391,-3.313205714969688e-06
1392,1392,1392,1392,1392,1392,-3.2989502817125606e-06
1393,1393,1393,1393,1393,1393,-3.2847663553261686e-06
1394,1394,1394,1394,1394,1394,-3.270653526176681e-06
1395,1395,1395,1395,1395,1395,-3.256611387268331e-06
1396,1396,1396,1396,1396,1396,-3.242639534224553e-06
1397,1397,1397,1397,1397,1397,-3.22873756526927e-06
1398,1398,1398,1398,1398,1398,-3.214905081208311e-06
1399,1399,1399,1399,1399,1399,-3.201141685411007e-06
1400,1400,1400,1400,1400,1400,-3.1874469837919085e-06
1401,1401,1401,1401,1401,1401,-3.1738205847926464e-06
1402,1402,1402,1402,1402,1402,-3.160262099363936e-06
1403,1403,1403,1403,1403,1403,-3.1467711409477346e-06
1404,1404,1404,1404,1404,1404,-3.1333473254595198e-06
1405,1405,1405,1405,1405,1405,-3.1199902712707326e-06
1406,1406,1406,1406,1406,1406,-3.106699599191309e-06
1407,1407,1407,1407,1407,1407,-3.093474932452418e-06
1408,1408,1408,1408,1408,1408,-3.0803158966892684e-06
1409,1409,1409,1409,1409,1409,-3.067222119924082e-06
1410,1410,1410,1410,1410,1410,-3.0541932325492076e-06
1411,1411,1411,1411,1411,1411,-3.041228867310336e-06
1412,1412,1412,1412,1412,1412,-3.028328659289879e-06
1413,1413,1413,1413,1413,1413,-3.015492245890441e-06
1414,1414,1414,1414,1414,1414,-3.002719266818464e-06
1415,1415,1415,1415,1415,1415,-2.9900093640679535e-06
1416,1416,1416,1416,1416,1416,-2.9773621819043635e-06
1417,1417,1417,1417,1417,1417,-2.9647773668485947e-06
1418,1418,1418,1418,1418,1418,-2.9522545676611064e-06
1419,1419,1419,1419,1419,1419,-2.939793435326174e-06
1420,1420,1420,1420,1420,1420,-2.9273936230362547e-06
1421,1421,1421,1421,1421,1421,-2.915054786176463e-06
1422,1422,1422,1422,1422,1422,-2.9027765823091958e-06
1423,1423,1423,1423,1423,1423,-2.8905586711588424e-06
1424,1424,1424,1424,1424,1424,-2.87840071459664e-06
1425,1425,1425,1425,1425,1425,-2.8663023766256233e-06
1426,1426,1426,1426,1426,1426,-2.854263323365723e-06
1427,1427,1427,1427,1427,1427,-2.8422832230389255e-06
1428,1428,1428,1428,1428,1428,-2.8303617459546088e-06
1429,1429,1429,1429,1429,1429,-2.818498564494938e-06
1430,1430,1430,1430,1430,1430,-2.8066933531004125e-06
1431,1431,1431,1431,1431,1431,-2.794945788255492e-06
1432,1432,1432,1432,1432,1432,-2.7832555484743586e-06
1433,1433,1433,1433,1433,1433,-2.7716223142867818e-06
1434,1434,1434,1434,1434,1434,-2.7600457682240684e-06
1435,1435,1435,1435,1435,1435,-2.748525594805154e-06
1436,1436,1436,1436,1436,1436,-2.7370614805227867e-06
1437,1437,1437,1437,1437,1437,-2.725653113829806e-06
1438,1438,1438,1438,1438,1438,-2.7143001851255364e-06
1439,1439,1439,1439,1439,1439,-2.7030023867423026e-06
1440,1440,1440,1440,1440,1440,-2.6917594129319983e-06
1441,1441,1441,1441,1441,1441,-2.680570959852813e-06
1442,1442,1442,1442,1442,1442,-2.6694367255560262e-06
1443,1443,1443,1443,1443,1443,-2.658356409972913e-06
1444,1444,1444,1444,1444,1444,-2.647329714901745e-06
1445,1445,1445,1445,1445,1445,-2.63635634399489e-06
1446,1446,1446,1446,1446,1446,-2.625436002746017e-06
1447,1447,1447,1447,1447,1447,-2.6145683984773935e-06
1448,1448,1448,1448,1448,1448,-2.603753240327276e-06
1449,1449,1449,1449,1449,1449,-2.592990239237397e-06
1450,1450,1450,1450,1450,1450,-2.5822791079405563e-06
1451,1451,1451,1451,1451,1451,-2.571619560948289e-06
1452,1452,1452,1452,1452,1452,-2.561011314538641e-06
1453,1453,1453,1453,1453,1453,-2.5504540867440334e-06
1454,1454,1454,1454,1454,1454,-2.539947597339221e-06
1455,1455,1455,1455,1455,1455,-2.5294915678293262e-06
1456,1456,1456,1456,1456,1456,-2.519085721437983e-06
1457,1457,1457,1457,1457,1457,-2.5087297830955643e-06
1458,1458,1458,1458,1458,1458,-2.4984234794274927e-06
1459,1459,1459,1459,1459,1459,-2.488166538742641e-06
1460,1460,1460,1460,1460,1460,-2.477958691021826e-06
1461,1461,1461,1461,1461,1461,-2.4677996679063812e-06
1462,1462,1462,1462,1462,1462,-2.4576892026868143e-06
1463,1463,1463,1463,1463,1463,-2.4476270302915658e-06
1464,1464,1464,1464,1464,1464,-2.437612887275826e-06
1465,1465,1465,1465,1465,1465,-2.427646511810459e-06
1466,1466,1466,1466,1466,1466,-2.417727643671e-06
1467,1467,1467,1467,1467,1467,-2.407856024226732e-06
1468,1468,1468,1468,1468,1468,-2.3980313964298473e-06
1469,1469,1469,1469,1469,1469,-2.388253504804695e-06
1470,1470,1470,1470,1470,1470,-2.3785220954371007e-06
1471,1471,1471,1471,1471,1471,-2.36883691596377e-06
1472,1472,1472,1472,1472,1472,-2.359197715561771e-06
1473,1473,1473,1473,1473,1473,-2.3496042449380967e-06
1474,1474,1474,1474,1474,1474,-2.3400562563192946e-06
1475,1475,1475,1475,1475,1475,-2.330553503441199e-06
1476,1476,1476,1476,1476,1476,-2.321095741538702e-06
1477,1477,1477,1477,1477,1477,-2.3116827273356393e-06
1478,1478,1478,1478,1478,1478,-2.3023142190347216e-06
1479,1479,1479,1479,1479,1479,-2.292989976307556e-06
1480,1480,1480,1480,1480,1480,-2.2837097602847416e-06
1481,1481,1481,1481,1481,1481,-2.2744733335460272e-06
1482,1482,1482,1482,1482,1482,-2.265280460110555e-06
1483,1483,1483,1483,1483,1483,-2.2561309054271715e-06
1484,1484,1484,1484,1484,1484,-2.247024436364807e-06
1485,1485,1485,1485,1485,1485,-2.237960821202928e-06
1486,1486,1486,1486,1486,1486,-2.2289398296220634e-06
1487,1487,1487,1487,1487,1487,-2.2199612326943945e-06
1488,1488,1488,1488,1488,1488,-2.2110248028744265e-06
1489,1489,1489,1489,1489,1489,-2.2021303139897125e-06
1490,1490,1490,1490,1490,1490,-2.1932775412316554e-06
1491,1491,1491,1491,1491,1491,-2.184466261146378e-06
1492,1492,1492,1492,1492,1492,-2.1756962516256556e-06
1493,1493,1493,1493,1493,1493,-2.166967291897924e-06
1494,1494,1494,1494,1494,1494,-2.1582791625193377e-06
1495,1495,1495,1495,1495,1495,-2.1496316453649154e-06
1496,1496,1496,1496,1496,1496,-2.1410245236197313e-06
1497,1497,1497,1497,1497,1497,-2.132457581770176e-06
1498,1498,1498,1498,1498,1498,-2.1239306055952893e-06
1499,1499,1499,1499,1499,1499,-2.115443382158155e-06
1500,1500,1500,1500,1500,1500,-2.106995699797343e-06
1501,1501,1501,1501,1501,1501,-2.0985873481184385e-06
1502,1502,1502,1502,1502,1502,-2.090218117985609e-06
1503,1503,1503,1503,1503,1503,-2.0818878015132524e-06
1504,1504,1504,1504,1504,1504,-2.073596192057699e-06
1505,1505,1505,1505,1505,1505,-2.0653430842089655e-06
1506,1506,1506,1506,1506,1506,-2.0571282737825794e-06
1507,1507,1507,1507,1507,1507,-2.048951557811471e-06
1508,1508,1508,1508,1508,1508,-2.0408127345378967e-06
1509,1509,1509,1509,1509,1509,-2.0327116034054487e-06
1510,1510,1510,1510,1510,1510,-2.024647965051112e-06
1511,1511,1511,1511,1511,1511,-2.0166216212973736e-06
1512,1512,1512,1512,1512,1512,-2.008632375144403e-06
1513,1513,1513,1513,1513,1513,-2.0006800307622783e-06
1514,1514,1514,1514,1514,1514,-1.992764393483263e-06
1515,1515,1515,1515,1515,1515,-1.984885269794158e-06
1516,1516,1516,1516,1516,1516,-1.9770424673287033e-06
1517,1517,1517,1517,1517,1517,-1.96923579486001e-06
1518,1518,1518,1518,1518,1518,-1.9614650622930885e-06
1519,1519,1519,1519,1519,1519,-1.953730080657392e-06
1520,1520,1520,1520,1520,1520,-1.9460306620994414e-06
1521,1521,1521,1521,1521,1521,-1.9383666198754938e-06
1522,1522,1522,1522,1522,1522,-1.930737768344256e-06
1523,1523,1523,1523,1523,1523,-1.9231439229596614e-06
1524,1524,1524,1524,1524,1524,-1.9155849002636934e-06
1525,1525,1525,1525,1525,1525,-1.90806051787927e-06
1526,1526,1526,1526,1526,1526,-1.9005705945031606e-06
1527,1527,1527,1527,1527,1527,-1.8931149498989737e-06
1528,1528,1528,1528,1528,1528,-1.8856934048901791e-06
1529,1529,1529,1529,1529,1529,-1.8783057813531992e-06
1530,1530,1530,1530,1530,1530,-1.870951902210523e-06
1531,1531,1531,1531,1531,1531,-1.8636315914238963e-06
1532,1532,1532,1532,1532,1532,-1.8563446739875437e-06
1533,1533,1533,1533,1533,1533,-1.849090975921444e-06
1534,1534,1534,1534,1534,1534,-1.8418703242646646e-06
1535,1535,1535,1535,1535,1535,-1.8346825470687156e-06
1536,1536,1536,1536,1536,1536,-1.8275274733909833e-06
1537,1537,1537,1537,1537,1537,-1.820404933288188e-06
1538,1538,1538,1538,1538,1538,-1.8133147578099076e-06
1539,1539,1539,1539,1539,1539,-1.8062567789921207e-06
1540,1540,1540,1540,1540,1540,-1.7992308298508272e-06
1541,1541,1541,1541,1541,1541,-1.7922367443756935e-06
1542,1542,1542,1542,1542,1542,-1.7852743575237407e-06
1543,1543,1543,1543,1543,1543,-1.7783435052130973e-06
1544,1544,1544,1544,1544,1544,-1.7714440243167788e-06
1545,1545,1545,1545,1545,1545,-1.7645757526565195e-06
1546,1546,1546,1546,1546,1546,-1.7577385289966428e-06
1547,1547,1547,1547,1547,1547,-1.7509321930379763e-06
1548,1548,1548,1548,1548,1548,-1.744156585411815e-06
1549,1549,1549,1549,1549,1549,-1.737411547673935e-06
1550,1550,1550,1550,1550,1550,-1.7306969222986112e-06
1551,1551,1551,1551,1551,1551,-1.7240125526727362e-06
1552,1552,1552,1552,1552,1552,-1.7173582830899202e-06
1553,1553,1553,1553,1553,1553,-1.710733958744694e-06
1554,1554,1554,1554,1554,1554,-1.7041394257266868e-06
1555,1555,1555,1555,1555,1555,-1.6975745310149034e-06
1556,1556,1556,1556,1556,1556,-1.6910391224720115e-06
1557,1557,1557,1557,1557,1557,-1.6845330488386714e-06
1558,1558,1558,1558,1558,1558,-1.678056159727909e-06
1559,1559,1559,1559,1559,1559,-1.671608305619539e-06
1560,1560,1560,1560,1560,1560,-1.6651893378546026e-06
1561,1561,1561,1561,1561,1561,-1.6587991086298758e-06
1562,1562,1562,1562,1562,1562,-1.6524374709923855e-06
1563,1563,1563,1563,1563,1563,-1.6461042788339843e-06
1564,1564,1564,1564,1564,1564,-1.6397993868859586e-06
1565,1565,1565,1565,1565,1565,-1.6335226507136707e-06
1566,1566,1566,1566,1566,1566,-1.6272739267112463e-06
1567,1567,1567,1567,1567,1567,-1.621053072096282e-06
1568,1568,1568,1568,1568,1568,-1.614859944904619e-06
1569,1569,1569,1569,1569,1569,-1.6086944039851204e-06
1570,1570,1570,1570,1570,1570,-1.6025563089945118e-06
1571,1571,1571,1571,1571,1571,-1.5964455203922413e-06
1572,1572,1572,1572,1572,1572,-1.590361899435387e-06
1573,1573,1573,1573,1573,1573,-1.5843053081735856e-06
1574,1574,1574,1574,1574,1574,-1.5782756094440116e-06
1575,1575,1575,1575,1575,1575,-1.5722726668663844e-06
1576,1576,1576,1576,1576,1576,-1.5662963448380102e-06
1577,1577,1577,1577,1577,1577,-1.560346508528856e-06
1578,1578,1578,1578,1578,1578,-1.5544230238766699e-06
1579,1579,1579,1579,1579,1579,-1.5485257575821086e-06
1580,1580,1580,1580,1580,1580,-1.5426545771039391e-06
1581,1581,1581,1581,1581,1581,-1.5368093506542316e-06
1582,1582,1582,1582,1582,1582,-1.5309899471936217e-06
1583,1583,1583,1583,1583,1583,-1.5251962364265738e-06
1584,1584,1584,1584,1584,1584,-1.5194280887967055e-06
1585,1585,1585,1585,1585,1585,-1.5136853754821182e-06
1586,1586,1586,1586,1586,1586,-1.5079679683907912e-06
1587,1587,1587,1587,1587,1587,-1.5022757401559698e-06
1588,1588,1588,1588,1588,1588,-1.4966085641316236e-06
1589,1589,1589,1589,1589,1589,-1.4909663143879021e-06
1590,1590,1590,1590,1590,1590,-1.4853488657066515e-06
1591,1591,1591,1591,1591,1591,-1.4797560935769367e-06
1592,1592,1592,1592,1592,1592,-1.4741878741906132e-06
1593,1593,1593,1593,1593,1593,-1.4686440844379218e-06
1594,1594,1594,1594,1594,1594,-1.4631246019031095e-06
1595,1595,1595,1595,1595,1595,-1.4576293048600874e-06
1596,1596,1596,1596,1596,1596,-1.4521580722681245e-06
1597,1597,1597,1597,1597,1597,-1.4467107837675464e-06
1598,1598,1598,1598,1598,1598,-1.4412873196754937e-06
1599,1599,1599,1599,1599,1599,-1.435887560981689e-06
1600,1600,1600,1600,1600,1600,-1.4305113893442467e-06
1601,1601,1601,1601,1601,1601,-1.4251586870854945e-06
1602,1602,1602,1602,1602,1602,-1.4198293371878426e-06
1603,1603,1603,1603,1603,1603,-1.4145232232896673e-06
1604,1604,1604,1604,1604,1604,-1.4092402296812317e-06
1605,1605,1605,1605,1605,1605,-1.403980241300625e-06
1606,1606,1606,1606,1606,1606,-1.3987431437297413e-06
1607,1607,1607,1607,1607,1607,-1.3935288231902755e-06
1608,1608,1608,1608,1608,1608,-1.388337166539751e-06
1609,1609,1609,1609,1609,1609,-1.383168061267576e-06
1610,1610,1610,1610,1610,1610,-1.3780213954911222e-06
1611,1611,1611,1611,1611,1611,-1.3728970579518338e-06
1612,1612,1612,1612,1612,1612,-1.367794938011367e-06
1613,1613,1613,1613,1613,1613,-1.3627149256477406e-06
1614,1614,1614,1614,1614,1614,-1.3576569114515325e-06
1615,1615,1615,1615,1615,1615,-1.3526207866220875e-06
1616,1616,1616,1616,1616,1616,-1.3476064429637588e-06
1617,1617,1617,1617,1617,1617,-1.342613772882171e-06
1618,1618,1618,1618,1618,1618,-1.3376426693805069e-06
1619,1619,1619,1619,1619,1619,-1.3326930260558301e-06
1620,1620,1620,1620,1620,1620,-1.327764737095414e-06
1621,1621,1621,1621,1621,1621,-1.3228576972731182e-06
1622,1622,1622,1622,1622,1622,-1.317971801945766e-06
1623,1623,1623,1623,1623,1623,-1.313106947049567e-06
1624,1624,1624,1624,1624,1624,-1.3082630290965502e-06
1625,1625,1625,1625,1625,1625,-1.303439945171028e-06
1626,1626,1626,1626,1626,1626,-1.2986375929260786e-06
1627,1627,1627,1627,1627,1627,-1.293855870580063e-06
1628,1628,1628,1628,1628,1628,-1.2890946769131507e-06
1629,1629,1629,1629,1629,1629,-1.2843539112638782e-06
1630,1630,1630,1630,1630,1630,-1.2796334735257298e-06
1631,1631,1631,1631,1631,1631,-1.2749332641437415e-06
1632,1632,1632,1632,1632,1632,-1.2702531841111224e-06
1633,1633,1633,1633,1633,1633,-1.2655931349659082e-06
1634,1634,1634,1634,1634,1634,-1.260953018787627e-06
1635,1635,1635,1635,1635,1635,-1.2563327381939952e-06
1636,1636,1636,1636,1636,1636,-1.2517321963376345e-06
1637,1637,1637,1637,1637,1637,-1.2471512969028044e-06
1638,1638,1638,1638,1638,1638,-1.2425899441021663e-06
1639,1639,1639,1639,1639,1639,-1.2380480426735615e-06
1640,1640,1640,1640,1640,1640,-1.2335254978768159e-06
1641,1641,1641,1641,1641,1641,-1.229022215490561e-06
1642,1642,1642,1642,1642,1642,-1.2245381018090832e-06
1643,1643,1643,1643,1643,1643,-1.2200730636391859e-06
1644,1644,1644,1644,1644,1644,-1.2156270082970805e-06
1645,1645,1645,1645,1645,1645,-1.211199843605292e-06
1646,1646,1646,1646,1646,1646,-1.2067914778895857e-06
1647,1647,1647,1647,1647,1647,-1.2024018199759237e-06
1648,1648,1648,1648,1648,1648,-1.1980307791874255e-06
1649,1649,1649,1649,1649,1649,-1.193678265341363e-06
1650,1650,1650,1650,1650,1650,-1.1893441887461695e-06
1651,1651,1651,1651,1651,1651,-1.1850284601984674e-06
1652,1652,1652,1652,1652,1652,-1.1807309909801208e-06
1653,1653,1653,1653,1653,1653,-1.1764516928552987e-06
1654,1654,1654,1654,1654,1654,-1.172190478067572e-06
1655,1655,1655,1655,1655,1655,-1.1679472593370114e-06
1656,1656,1656,1656,1656,1656,-1.163721949857322e-06
1657,1657,1657,1657,1657,1657,-1.159514463292986e-06
1658,1658,1658,1658,1658,1658,-1.1553247137764285e-06
1659,1659,1659,1659,1659,1659,-1.1511526159051992e-06
1660,1660,1660,1660,1660,1660,-1.1469980847391756e-06
1661,1661,1661,1661,1661,1661,-1.1428610357977883e-06
1662,1662,1662,1662,1662,1662,-1.13874138505725e-06
1663,1663,1663,1663,1663,1663,-1.1346390489478245e-06
1664,1664,1664,1664,1664,1664,-1.1305539443510927e-06
1665,1665,1665,1665,1665,1665,-1.126485988597251e-06
1666,1666,1666,1666,1666,1666,-1.1224350994624228e-06
1667,1667,1667,1667,1667,1667,-1.118401195165984e-06
1668,1668,1668,1668,1668,1668,-1.1143841943679138e-06
1669,1669,1669,1669,1669,1669,-1.1103840161661544e-06
1670,1670,1670,1670,1670,1670,-1.106400580093997e-06
1671,1671,1671,1671,1671,1671,-1.1024338061174765e-06
1672,1672,1672,1672,1672,1672,-1.098483614632789e-06
1673,1673,1673,1673,1673,1673,-1.0945499264637248e-06
1674,1674,1674,1674,1674,1674,-1.0906326628591168e-06
1675,1675,1675,1675,1675,1675,-1.086731745490306e-06
1676,1676,1676,1676,1676,1676,-1.082847096448628e-06
1677,1677,1677,1677,1677,1677,-1.0789786382429083e-06
1678,1678,1678,1678,1678,1678,-1.0751262937969795e-06
1679,1679,1679,1679,1679,1679,-1.071289986447213e-06
1680,1680,1680,1680,1680,1680,-1.0674696399400675e-06
1681,1681,1681,1681,1681,1681,-1.0636651784296545e-06
1682,1682,1682,1682,1682,1682,-1.0598765264753132e-06
1683,1683,1683,1683,1683,1683,-1.056103609039213e-06
1684,1684,1684,1684,1684,1684,-1.0523463514839594e-06
1685,1685,1685,1685,1685,1685,-1.0486046795702257e-06
1686,1686,1686,1686,1686,1686,-1.0448785194543907e-06
1687,1687,1687,1687,1687,1687,-1.0411677976861999e-06
1688,1688,1688,1688,1688,1688,-1.0374724412064383e-06
1689,1689,1689,1689,1689,1689,-1.0337923773446174e-06
1690,1690,1690,1690,1690,1690,-1.0301275338166788e-06
1691,1691,1691,1691,1691,1691,-1.0264778387227138e-06
1692,1692,1692,1692,1692,1692,-1.0228432205446943e-06
1693,1693,1693,1693,1693,1693,-1.0192236081442199e-06
1694,1694,1694,1694,1694,1694,-1.0156189307602833e-06
1695,1695,1695,1695,1695,1695,-1.0120291180070456e-06
1696,1696,1696,1696,1696,1696,-1.008454099871627e-06
1697,1697,1697,1697,1697,1697,-1.0048938067119124e-06
1698,1698,1698,1698,1698,1698,-1.0013481692543707e-06
1699,1699,1699,1699,1699,1699,-9.978171185918889e-07
1700,1700,1700,1700,1700,1700,-9.94300586181623e-07
1701,1701,1701,1701,1701,1701,-9.907985038428527e-07
1702,1702,1702,1702,1702,1702,-9.873108037548634e-07
1703,1703,1703,1703,1703,1703,-9.83837418454833e-07
1704,1704,1704,1704,1704,1704,-9.803782808357318e-07
1705,1705,1705,1705,1705,1705,-9.769333241442454e-07
1706,1706,1706,1706,1706,1706,-9.73502481978697e-07
1707,1707,1707,1707,1707,1707,-9.700856882869972e-07
1708,1708,1708,1708,1708,1708,-9.66682877364595e-07
1709,1709,1709,1709,1709,1709,-9.632939838524496e-07
1710,1710,1710,1710,1710,1710,-9.599189427350116e-07
1711,1711,1711,1711,1711,1711,-9.565576893382213e-07
1712,1712,1712,1712,1712,1712,-9.532101593275127e-07
1713,1713,1713,1713,1713,1713,-9.498762887058381e-07
1714,1714,1714,1714,1714,1714,-9.465560138116994e-07
1715,1715,1715,1715,1715,1715,-9.432492713171958e-07
1716,1716,1716,1716,1716,1716,-9.399559982260821e-07
1717,1717,1717,1717,1717,1717,-9.366761318718403e-07
1718,1718,1718,1718,1718,1718,-9.334096099157618e-07
1719,1719,1719,1719,1719,1719,-9.301563703450443e-07
1720,1720,1720,1720,1720,1720,-9.269163514709017e-07
1721,1721,1721,1721,1721,1721,-9.23689491926679e-07
1722,1722,1722,1722,1722,1722,-9.204757306659899e-07
1723,1723,1723,1723,1723,1723,-9.172750069608553e-07
1724,1724,1724,1724,1724,1724,-9.140872603998662e-07
1725,1725,1725,1725,1725,1725,-9.109124308863437e-07
1726,1726,1726,1726,1726,1726,-9.077504586365211e-07
1727,1727,1727,1727,1727,1727,-9.04601284177737e-07
1728,1728,1728,1728,1728,1728,-9.014648483466345e-07
1729,1729,1729,1729,1729,1729,-8.983410922873756e-07
1730,1730,1730,1730,1730,1730,-8.952299574498669e-07
1731,1731,1731,1731,1731,1731,-8.921313855879951e-07
1732,1732,1732,1732,1732,1732,-8.890453187578744e-07
1733,1733,1733,1733,1733,1733,-8.859716993161073e-07
1734,1734,1734,1734,1734,1734,-8.829104699180498e-07
1735,1735,1735,1735,1735,1735,-8.79861573516095e-07
1736,1736,1736,1736,1736,1736,-8.768249533579659e-07
1737,1737,1737,1737,1737,1737,-8.738005529850131e-07
1738,1738,1738,1738,1738,1738,-8.707883162305315e-07
1739,1739,1739,1739,1739,1739,-8.677881872180838e-07
1740,1740,1740,1740,1740,1740,-8.648001103598317e-07
1741,1741,1741,1741,1741,1741,-8.61824030354884e-07
1742,1742,1742,1742,1742,1742,-8.588598921876492e-07
1743,1743,1743,1743,1743,1743,-8.559076411262036e-07
1744,1744,1744,1744,1744,1744,-8.529672227206637e-07
1745,1745,1745,1745,1745,1745,-8.500385828015765e-07
1746,1746,1746,1746,1746,1746,-8.471216674783101e-07
1747,1747,1747,1747,1747,1747,-8.442164231374675e-07
1748,1748,1748,1748,1748,1748,-8.413227964412952e-07
1749,1749,1749,1749,1749,1749,-8.384407343261127e-07
1750,1750,1750,1750,1750,1750,-8.355701840007516e-07
1751,1751,1751,1751,1751,1751,-8.327110929449958e-07
1752,1752,1752,1752,1752,1752,-8.298634089080414e-07
1753,1753,1753,1753,1753,1753,-8.270270799069604e-07
1754,1754,1754,1754,1754,1754,-8.242020542251759e-07
1755,1755,1755,1755,1755,1755,-8.213882804109459e-07
1756,1756,1756,1756,1756,1756,-8.18585707275858e-07
1757,1757,1757,1757,1757,1757,-8.157942838933347e-07
1758,1758,1758,1758,1758,1758,-8.13013959597141e-07
1759,1759,1759,1759,1759,1759,-8.102446839799119e-07
1760,1760,1760,1760,1760,1760,-8.074864068916808e-07
1761,1761,1761,1761,1761,1761,-8.047390784384203e-07
1762,1762,1762,1762,1762,1762,-8.020026489805909e-07
1763,1763,1763,1763,1763,1763,-7.992770691317025e-07
1764,1764,1764,1764,1764,1764,-7.965622897568778e-07
1765,1765,1765,1765,1765,1765,-7.938582619714328e-07
1766,1766,1766,1766,1766,1766,-7.911649371394585e-07
1767,1767,1767,1767,1767,1767,-7.884822668724181e-07
1768,1768,1768,1768,1768,1768,-7.858102030277475e-07
1769,1769,1769,1769,1769,1769,-7.831486977074675e-07
1770,1770,1770,1770,1770,1770,-7.804977032568045e-07
1771,1771,1771,1771,1771,1771,-7.778571722628186e-07
1772,1772,1772,1772,1772,1772,-7.752270575530413e-07
1773,1773,1773,1773,1773,1773,-7.726073121941196e-07
1774,1774,1774,1774,1774,1774,-7.699978894904725e-07
1775,1775,1775,1775,1775,1775,-7.673987429829521e-07
1776,1776,1776,1776,1776,1776,-7.648098264475119e-07
1777,1777,1777,1777,1777,1777,-7.62231093893891e-07
1778,1778,1778,1778,1778,1778,-7.596624995642946e-07
1779,1779,1779,1779,1779,1779,-7.571039979320952e-07
1780,1780,1780,1780,1780,1780,-7.545555437005312e-07
1781,1781,1781,1781,1781,1781,-7.520170918014207e-07
1782,1782,1782,1782,1782,1782,-7.494885973938786e-07
1783,1783,1783,1783,1783,1783,-7.469700158630462e-07
1784,1784,1784,1784,1784,1784,-7.444613028188235e-07
1785,1785,1785,1785,1785,1785,-7.419624140946121e-07
1786,1786,1786,1786,1786,1786,-7.394733057460677e-07
1787,1787,1787,1787,1787,1787,-7.369939340498562e-07
1788,1788,1788,1788,1788,1788,-7.345242555024188e-07
1789,1789,1789,1789,1789,1789,-7.320642268187477e-07
1790,1790,1790,1790,1790,1790,-7.29613804931164e-07
1791,1791,1791,1791,1791,1791,-7.271729469881087e-07
1792,1792,1792,1792,1792,1792,-7.247416103529357e-07
1793,1793,1793,1793,1793,1793,-7.223197526027165e-07
1794,1794,1794,1794,1794,1794,-7.19907331527051e-07
1795,1795,1795,1795,1795,1795,-7.175043051268828e-07
1796,1796,1796,1796,1796,1796,-7.151106316133276e-07
1797,1797,1797,1797,1797,1797,-7.127262694065007e-07
1798,1798,1798,1798,1798,1798,-7.103511771343617e-07
1799,1799,1799,1799,1799,1799,-7.079853136315557e-07
1800,1800,1800,1800,1800,1800,-7.056286379382699e-07
1801,1801,1801,1801,1801,1801,-7.032811092990924e-07
1802,1802,1802,1802,1802,1802,-7.009426871618798e-07
1803,1803,1803,1803,1803,1803,-6.986133311766316e-07
1804,1804,1804,1804,1804,1804,-6.962930011943715e-07
1805,1805,1805,1805,1805,1805,-6.93981657266034e-07
1806,1806,1806,1806,1806,1806,-6.916792596413607e-07
1807,1807,1807,1807,1807,1807,-6.893857687678007e-07
1808,1808,1808,1808,1808,1808,-6.871011452894179e-07
1809,1809,1809,1809,1809,1809,-6.848253500458063e-07
1810,1810,1810,1810,1810,1810,-6.825583440710127e-07
1811,1811,1811,1811,1811,1811,-6.803000885924621e-07
1812,1812,1812,1812,1812,1812,-6.780505450298925e-07
1813,1813,1813,1813,1813,1813,-6.75809674994297e-07
1814,1814,1814,1814,1814,1814,-6.735774402868687e-07
1815,1815,1815,1815,1815,1815,-6.713538028979577e-07
1816,1816,1816,1816,1816,1816,-6.691387250060253e-07
1817,1817,1817,1817,1817,1817,-6.66932168976617e-07
1818,1818,1818,1818,1818,1818,-6.647340973613299e-07
1819,1819,1819,1819,1819,1819,-6.625444728967911e-07
1820,1820,1820,1820,1820,1820,-6.603632585036475e-07
1821,1821,1821,1821,1821,1821,-6.581904172855502e-07
1822,1822,1822,1822,1822,1822,-6.560259125281565e-07
1823,1823,1823,1823,1823,1823,-6.538697076981292e-07
1824,1824,1824,1824,1824,1824,-6.517217664421491e-07
1825,1825,1825,1825,1825,1825,-6.495820525859272e-07
1826,1826,1826,1826,1826,1826,-6.474505301332265e-07
1827,1827,1827,1827,1827,1827,-6.453271632648889e-07
1828,1828,1828,1828,1828,1828,-6.43211916337868e-07
1829,1829,1829,1829,1829,1829,-6.411047538842666e-07
1830,1830,1830,1830,1830,1830,-6.390056406103819e-07
1831,1831,1831,1831,1831,1831,-6.369145413957558e-07
1832,1832,1832,1832,1832,1832,-6.348314212922295e-07
1833,1833,1833,1833,1833,1833,-6.32756245523004e-07
1834,1834,1834,1834,1834,1834,-6.306889794817094e-07
1835,1835,1835,1835,1835,1835,-6.286295887314766e-07
1836,1836,1836,1836,1836,1836,-6.265780390040133e-07
1837,1837,1837,1837,1837,1837,-6.245342961986898e-07
1838,1838,1838,1838,1838,1838,-6.224983263816285e-07
1839,1839,1839,1839,1839,1839,-6.204700957847958e-07
1840,1840,1840,1840,1840,1840,-6.18449570805104e-07
1841,1841,1841,1841,1841,1841,-6.164367180035174e-07
1842,1842,1842,1842,1842,1842,-6.144315041041591e-07
1843,1843,1843,1843,1843,1843,-6.124338959934304e-07
1844,1844,1844,1844,1844,1844,-6.104438607191326e-07
1845,1845,1845,1845,1845,1845,-6.084613654895889e-07
1846,1846,1846,1846,1846,1846,-6.064863776727802e-07
1847,1847,1847,1847,1847,1847,-6.045188647954814e-07
1848,1848,1848,1848,1848,1848,-6.025587945424003e-07
1849,1849,1849,1849,1849,1849,-6.006061347553279e-07
1850,1850,1850,1850,1850,1850,-5.9866085343229e-07
1851,1851,1851,1851,1851,1851,-5.967229187267013e-07
1852,1852,1852,1852,1852,1852,-5.947922989465312e-07
1853,1853,1853,1853,1853,1853,-5.928689625534694e-07
1854,1854,1854,1854,1854,1854,-5.909528781620974e-07
1855,1855,1855,1855,1855,1855,-5.890440145390654e-07
1856,1856,1856,1856,1856,1856,-5.871423406022753e-07
1857,1857,1857,1857,1857,1857,-5.852478254200667e-07
1858,1858,1858,1858,1858,1858,-5.833604382104065e-07
1859,1859,1859,1859,1859,1859,-5.814801483400886e-07
1860,1860,1860,1860,1860,1860,-5.796069253239317e-07
1861,1861,1861,1861,1861,1861,-5.777407388239874e-07
1862,1862,1862,1862,1862,1862,-5.758815586487473e-07
1863,1863,1863,1863,1863,1863,-5.740293547523621e-07
1864,1864,1864,1864,1864,1864,-5.72184097233858e-07
1865,1865,1865,1865,1865,1865,-5.703457563363626e-07
1866,1866,1866,1866,1866,1866,-5.685143024463335e-07
1867,1867,1867,1867,1867,1867,-5.6668970609279e-07
1868,1868,1868,1868,1868,1868,-5.648719379465539e-07
1869,1869,1869,1869,1869,1869,-5.630609688194885e-07
1870,1870,1870,1870,1870,1870,-5.612567696637484e-07
1871,1871,1871,1871,1871,1871,-5.594593115710291e-07
1872,1872,1872,1872,1872,1872,-5.576685657718212e-07
1873,1873,1873,1873,1873,1873,-5.55884503634675e-07
1874,1874,1874,1874,1874,1874,-5.541070966654587e-07
1875,1875,1875,1875,1875,1875,-5.523363165066314e-07
1876,1876,1876,1876,1876,1876,-5.505721349365142e-07
1877,1877,1877,1877,1877,1877,-5.488145238685694e-07
1878,1878,1878,1878,1878,1878,-5.470634553506778e-07
1879,1879,1879,1879,1879,1879,-5.453189015644274e-07
1880,1880,1880,1880,1880,1880,-5.435808348244039e-07
1881,1881,1881,1881,1881,1881,-5.418492275774811e-07
1882,1882,1882,1882,1882,1882,-5.40124052402122e-07
1883,1883,1883,1883,1883,1883,-5.3840528200768e-07
1884,1884,1884,1884,1884,1884,-5.366928892337041e-07
1885,1885,1885,1885,1885,1885,-5.349868470492502e-07
1886,1886,1886,1886,1886,1886,-5.332871285521952e-07
1887,1887,1887,1887,1887,1887,-5.315937069685557e-07
1888,1888,1888,1888,1888,1888,-5.299065556518082e-07
1889,1889,1889,1889,1889,1889,-5.282256480822178e-07
1890,1890,1890,1890,1890,1890,-5.265509578661664e-07
1891,1891,1891,1891,1891,1891,-5.248824587354883e-07
1892,1892,1892,1892,1892,1892,-5.232201245468055e-07
1893,1893,1893,1893,1893,1893,-5.215639292808717e-07
1894,1894,1894,1894,1894,1894,-5.199138470419167e-07
1895,1895,1895,1895,1895,1895,-5.182698520569977e-07
1896,1896,1896,1896,1896,1896,-5.166319186753471e-07
1897,1897,1897,1897,1897,1897,-5.150000213677363e-07
1898,1898,1898,1898,1898,1898,-5.1337413472583e-07
1899,1899,1899,1899,1899,1899,-5.117542334615543e-07
1900,1900,1900,1900,1900,1900,-5.101402924064636e-07
1901,1901,1901,1901,1901,1901,-5.085322865111116e-07
1902,1902,1902,1902,1902,1902,-5.069301908444263e-07
1903,1903,1903,1903,1903,1903,-5.053339805930897e-07
1904,1904,1904,1904,1904,1904,-5.037436310609197e-07
1905,1905,1905,1905,1905,1905,-5.02159117668256e-07
1906,1906,1906,1906,1906,1906,-5.005804159513493e-07
1907,1907,1907,1907,1907,1907,-4.990075015617545e-07
1908,1908,1908,1908,1908,1908,-4.97440350265728e-07
1909,1909,1909,1909,1909,1909,-4.958789379436267e-07
1910,1910,1910,1910,1910,1910,-4.943232405893103e-07
1911,1911,1911,1911,1911,1911,-4.927732343095504e-07
1912,1912,1912,1912,1912,1912,-4.912288953234398e-07
1913,1913,1913,1913,1913,1913,-4.89690199961806e-07
1914,1914,1914,1914,1914,1914,-4.881571246666283e-07
1915,1915,1915,1915,1915,1915,-4.866296459904575e-07
1916,1916,1916,1916,1916,1916,-4.851077405958405e-07
1917,1917,1917,1917,1917,1917,-4.835913852547471e-07
1918,1918,1918,1918,1918,1918,-4.820805568479995e-07
1919,1919,1919,1919,1919,1919,-4.805752323647069e-07
1920,1920,1920,1920,1920,1920,-4.790753889017008e-07
1921,1921,1921,1921,1921,1921,-4.775810036629767e-07
1922,1922,1922,1922,1922,1922,-4.7609205395913607e-07
1923,1923,1923,1923,1923,1923,-4.7460851720683275e-07
1924,1924,1924,1924,1924,1924,-4.7313037092822335e-07
1925,1925,1925,1925,1925,1925,-4.7165759275041844e-07
1926,1926,1926,1926,1926,1926,-4.7019016040493977e-07
1927,1927,1927,1927,1927,1927,-4.68728051727178e-07
1928,1928,1928,1928,1928,1928,-4.6727124465585643e-07
1929,1929,1929,1929,1929,1929,-4.658197172324927e-07
1930,1930,1930,1930,1930,1930,-4.643734476008702e-07
1931,1931,1931,1931,1931,1931,-4.629324140065087e-07
1932,1932,1932,1932,1932,1932,-4.6149659479613593e-07
1933,1933,1933,1933,1933,1933,-4.6006596841716696e-07
1934,1934,1934,1934,1934,1934,-4.586405134171843e-07
1935,1935,1935,1935,1935,1935,-4.5722020844341945e-07
1936,1936,1936,1936,1936,1936,-4.5580503224224055e-07
1937,1937,1937,1937,1937,1937,-4.54394963658639e-07
1938,1938,1938,1938,1938,1938,-4.529899816357239e-07
1939,1939,1939,1939,1939,1939,-4.515900652142152e-07
1940,1940,1940,1940,1940,1940,-4.5019519353194074e-07
1941,1941,1941,1941,1941,1941,-4.4880534582333753e-07
1942,1942,1942,1942,1942,1942,-4.4742050141895513e-07
1943,1943,1943,1943,1943,1943,-4.460406397449601e-07
1944,1944,1944,1944,1944,1944,-4.4466574032264605e-07
1945,1945,1945,1945,1945,1945,-4.4329578276794564e-07
1946,1946,1946,1946,1946,1946,-4.4193074679094353e-07
1947,1947,1947,1947,1947,1947,-4.4057061219539444e-07
1948,1948,1948,1948,1948,1948,-4.392153588782418e-07
1949,1949,1949,1949,1949,1949,-4.3786496682914233e-07
1950,1950,1950,1950,1950,1950,-4.3651941612998763e-07
1951,1951,1951,1951,1951,1951,-4.3517868695443663e-07
1952,1952,1952,1952,1952,1952,-4.3384275956744196e-07
1953,1953,1953,1953,1953,1953,-4.325116143247857e-07
1954,1954,1954,1954,1954,1954,-4.3118523167261377e-07
1955,1955,1955,1955,1955,1955,-4.2986359214697453e-07
1956,1956,1956,1956,1956,1956,-4.2854667637336103e-07
1957,1957,1957,1957,1957,1957,-4.272344650662522e-07
1958,1958,1958,1958,1958,1958,-4.259269390286613e-07
1959,1959,1959,1959,1959,1959,-4.246240791516832e-07
1960,1960,1960,1960,1960,1960,-4.2332586641404517e-07
1961,1961,1961,1961,1961,1961,-4.22032281881662e-07
1962,1962,1962,1962,1962,1962,-4.207433067071912e-07
1963,1963,1963,1963,1963,1963,-4.194589221295927e-07
1964,1964,1964,1964,1964,1964,-4.1817910947368756e-07
1965,1965,1965,1965,1965,1965,-4.169038501497243e-07
1966,1966,1966,1966,1966,1966,-4.156331256529448e-07
1967,1967,1967,1967,1967,1967,-4.1436691756314955e-07
1968,1968,1968,1968,1968,1968,-4.131052075442725e-07
1969,1969,1969,1969,1969,1969,-4.1184797734395186e-07
1970,1970,1970,1970,1970,1970,-4.105952087931071e-07
1971,1971,1971,1971,1971,1971,-4.0934688380551533e-07
1972,1972,1972,1972,1972,1972,-4.08102984377394e-07
1973,1973,1973,1973,1973,1973,-4.068634925869809e-07
1974,1974,1974,1974,1974,1974,-4.056283905941213e-07
1975,1975,1975,1975,1975,1975,-4.0439766063985475e-07
1976,1976,1976,1976,1976,1976,-4.0317128504600377e-07
1977,1977,1977,1977,1977,1977,-4.019492462147667e-07
1978,1978,1978,1978,1978,1978,-4.0073152662831193e-07
1979,1979,1979,1979,1979,1979,-3.9951810884837336e-07
1980,1980,1980,1980,1980,1980,-3.9830897551585033e-07
1981,1981,1981,1981,1981,1981,-3.971041093504076e-07
1982,1982,1982,1982,1982,1982,-3.959034931500785e-07
1983,1983,1983,1983,1983,1983,-3.9470710979087055e-07
1984,1984,1984,1984,1984,1984,-3.935149422263727e-07
1985,1985,1985,1985,1985,1985,-3.9232697348736603e-07
1986,1986,1986,1986,1986,1986,-3.911431866814335e-07
1987,1987,1987,1987,1987,1987,-3.899635649925752e-07
1988,1988,1988,1988,1988,1988,-3.88788091680825e-07
1989,1989,1989,1989,1989,1989,-3.8761675008186705e-07
1990,1990,1990,1990,1990,1990,-3.8644952360665795e-07
1991,1991,1991,1991,1991,1991,-3.8528639574104824e-07
1992,1992,1992,1992,1992,1992,-3.841273500454066e-07
1993,1993,1993,1993,1993,1993,-3.8297237015424657e-07
1994,1994,1994,1994,1994,1994,-3.8182143977585655e-07
1995,1995,1995,1995,1995,1995,-3.8067454269192765e-07
1996,1996,1996,1996,1996,1996,-3.795316627571899e-07
1997,1997,1997,1997,1997,1997,-3.783927838990432e-07
1998,1998,1998,1998,1998,1998,-3.772578901171982e-07
1999,1999,1999,1999,1999,1999,-3.7612696548331014e-07
