112.24081254160627,109.73149046650191,-2.2760721558478996,-1.8885170479431186
112.24081254160627,108.58176642512315,-2.2760721558478996,-2.252057579981872
112.24081254160627,112.43220179290273,-2.2760721558478996,-2.0399179377662313
112.24081254160627,113.92980294900892,-2.2760721558478996,-1.900572356593671
112.24081254160627,115.6460116043783,-2.2760721558478996,-2.432032669358529
115.6460116043783,115.00434774390054,-2.432032669358529,-1.6110565168004118
115.6460116043783,115.12167476196652,-2.432032669358529,-2.530288227699288
115.12167476196652,115.12167476196652,-2.530288227699288,-2.7495153545131332
115.12167476196652,114.9956520917204,-2.7495153545131332,-2.800652552967691
114.9956520917204,118.16090724093142,-2.800652552967691,-2.751454892397036
114.9956520917204,115.95688854052612,-2.800652552967691,-2.7801675943788076
114.9956520917204,114.23221962301179,-2.800652552967691,-2.605848218371321
114.9956520917204,117.32007500849971,-2.800652552967691,-2.854969963805994
117.32007500849971,115.97413504743201,-2.854969963805994,-2.915161585503492
115.97413504743201,112.8583182578936,-2.915161585503492,-2.933277689961002
112.8583182578936,110.29959202100432,-2.933277689961002,-2.8904924317289376
112.8583182578936,114.38968484964018,-2.933277689961002,-2.86743452262408
112.8583182578936,111.4136436887332,-2.933277689961002,-2.952200174426706
111.4136436887332,111.46748404803976,-2.952200174426706,-2.926444794975269
111.4136436887332,108.90821823902914,-2.952200174426706,-2.922130714320132
111.4136436887332,108.06016842481785,-2.952200174426706,-2.896228886425553
111.4136436887332,109.03669107231748,-2.952200174426706,-2.9253838087468806
111.4136436887332,113.26958991715296,-2.952200174426706,-2.9061567140776066
111.4136436887332,113.28724553099524,-2.952200174426706,-2.9488436095410444
111.4136436887332,108.38357809188622,-2.952200174426706,-2.881583657534596
111.4136436887332,110.91438139393827,-2.952200174426706,-2.9708266422738596
110.91438139393827,110.60289327137876,-2.9708266422738596,-2.982733682129231
110.60289327137876,110.20435563080073,-2.982733682129231,-2.978586066589414
110.60289327137876,110.20889256316842,-2.982733682129231,-2.962419582191581
110.60289327137876,113.43279948938931,-2.982733682129231,-2.9477050885873926
110.60289327137876,108.3097410208334,-2.982733682129231,-2.9230506125295084
110.60289327137876,111.57508682497182,-2.982733682129231,-2.9815881861060856
110.60289327137876,111.2160060422959,-2.982733682129231,-2.969031805046875
110.60289327137876,111.89727431890377,-2.982733682129231,-2.881325614132605
110.60289327137876,109.48972554536796,-2.982733682129231,-2.96804784584101
110.60289327137876,111.00450441310929,-2.982733682129231,-2.9847402388611575
111.00450441310929,110.76551810017412,-2.9847402388611575,-2.922575767771173
111.00450441310929,110.85576214162258,-2.9847402388611575,-2.9261771462666992
111.00450441310929,113.37548235840057,-2.9847402388611575,-2.9764730955774117
111.00450441310929,110.54863183232979,-2.9847402388611575,-2.9856884318364685
110.54863183232979,113.46365056704283,-2.9856884318364685,-2.992891577538544
113.46365056704283,109.84079387914127,-2.992891577538544,-2.9735367944114883
113.46365056704283,110.2905254316979,-2.992891577538544,-2.9653280452923405
113.46365056704283,110.92790451459904,-2.992891577538544,-2.9933541002919606
110.92790451459904,111.6422858956229,-2.9933541002919606,-2.9577465301684875
110.92790451459904,110.92790451459904,-2.9933541002919606,-2.9744399769554075
110.92790451459904,109.1833320612629,-2.9933541002919606,-2.9247344958124777
110.92790451459904,114.9130105775669,-2.9933541002919606,-2.9701852138784446
110.92790451459904,110.04544515789829,-2.9933541002919606,-2.9602546299319417
110.92790451459904,110.64357188738983,-2.9933541002919606,-2.967612366121382
110.92790451459904,110.45361017187261,-2.9933541002919606,-2.9896350633375364
110.92790451459904,113.49449325848369,-2.9933541002919606,-2.9574794085646134
110.92790451459904,114.02192771568107,-2.9933541002919606,-2.9577814352208485
110.92790451459904,106.07544484940895,-2.9933541002919606,-2.8265777837221213
110.92790451459904,110.54863183232979,-2.9933541002919606,-2.9824132774821464
110.92790451459904,111.2564604865713,-2.9933541002919606,-2.9846179271204853
110.92790451459904,110.3177229641729,-2.9933541002919606,-2.92016364428586
110.92790451459904,111.19802156513397,-2.9933541002919606,-2.978254693762728
110.92790451459904,111.18902823570319,-2.9933541002919606,-2.9594229588187715
110.92790451459904,108.75660899458019,-2.9933541002919606,-2.9448782905382194
110.92790451459904,107.46627377926528,-2.9933541002919606,-2.91013603987441
110.92790451459904,108.00925886237717,-2.9933541002919606,-2.901562510415637
110.92790451459904,108.93576088686396,-2.9933541002919606,-2.922847419881217
110.92790451459904,109.79070998950685,-2.9933541002919606,-2.96406871506591
110.92790451459904,110.44002897500525,-2.9933541002919606,-2.9725728109648073
110.92790451459904,107.58252646224665,-2.9933541002919606,-2.838688752752666
110.92790451459904,112.77411050414008,-2.9933541002919606,-2.994962014303387
112.77411050414008,114.23659658795863,-2.994962014303387,-2.988603954296177
112.77411050414008,109.31148155614761,-2.994962014303387,-2.945438739210763
112.77411050414008,112.65433857601757,-2.994962014303387,-2.9598586529481343
112.77411050414008,113.03539268742335,-2.994962014303387,-2.9972211459301237
113.03539268742335,112.64990013311153,-2.9972211459301237,-2.989861828928786
113.03539268742335,115.09126813099246,-2.9972211459301237,-2.977151005906318
113.03539268742335,112.86274850454423,-2.9972211459301237,-2.974233786935114
113.03539268742335,113.26958991715296,-2.9972211459301237,-2.9612613486681756
113.03539268742335,111.09005356016353,-2.9972211459301237,-2.969469778751974
113.03539268742335,114.58621208504974,-2.9972211459301237,-2.982791714216785
113.03539268742335,110.86027241532469,-2.9972211459301237,-2.976272155079542
113.03539268742335,111.01351269102334,-2.9972211459301237,-2.9557663855790075
113.03539268742335,114.73447607410773,-2.9972211459301237,-2.908187437684331
113.03539268742335,112.01785571952357,-2.9972211459301237,-2.9888381513133355
113.03539268742335,111.19802156513397,-2.9972211459301237,-2.9760839470755633
113.03539268742335,109.94998863119541,-2.9972211459301237,-2.966709402484826
113.03539268742335,112.47221879201993,-2.9972211459301237,-2.946539616895871
113.03539268742335,110.13173929435601,-2.9972211459301237,-2.974399673989183
113.03539268742335,112.5433249908674,-2.9972211459301237,-2.9533157467624536
113.03539268742335,114.70832576583096,-2.9972211459301237,-2.979353616052778
113.03539268742335,112.09817126073021,-2.9972211459301237,-2.9858657955650676
113.03539268742335,110.4581368664165,-2.9972211459301237,-2.9716745002165887
113.03539268742335,116.66619047521866,-2.9972211459301237,-2.952362568812847
113.03539268742335,113.84638773364749,-2.9972211459301237,-2.9266161526285273
113.03539268742335,114.23659658795863,-2.9972211459301237,-2.90971648018532
113.03539268742335,112.96459622377269,-2.9972211459301237,-2.9948628442392398
113.03539268742335,115.29527310345381,-2.9972211459301237,-2.9364074940706413
113.03539268742335,113.50770898930169,-2.9972211459301237,-2.973439790336897
113.03539268742335,113.04866208850063,-2.9972211459301237,-2.971163347228691
113.03539268742335,113.46365056704283,-2.9972211459301237,-2.9897308888028458
113.03539268742335,112.86274850454423,-2.9972211459301237,-2.981727430764506
113.03539268742335,112.86274850454423,-2.9972211459301237,-2.9827490368237455
113.03539268742335,114.97825881443848,-2.9972211459301237,-2.9662384456666375
113.03539268742335,115.2128465059344,-2.9972211459301237,-2.960236927119182
113.03539268742335,112.00892821556681,-2.9972211459301237,-2.9935771025452262
113.03539268742335,113.43279948938931,-2.9972211459301237,-2.971936992422686
113.03539268742335,110.58480908334562,-2.9972211459301237,-2.8605787892161647
113.03539268742335,112.69871339105873,-2.9972211459301237,-2.988577534602608
113.03539268742335,112.2319027727856,-2.9972211459301237,-2.9900338925957457
113.03539268742335,116.8289347721702,-2.9972211459301237,-2.9371387710783923
113.03539268742335,112.09817126073021,-2.9972211459301237,-2.8919874623151536
113.03539268742335,116.58473313431737,-2.9972211459301237,-2.9313072658857964
113.03539268742335,113.75412080447899,-2.9972211459301237,-2.9473781144148736
113.03539268742335,109.55820370926132,-2.9972211459301237,-2.9742100772382503
113.03539268742335,109.00458705944443,-2.9972211459301237,-2.96211672157364
113.03539268742335,111.57508682497182,-2.9972211459301237,-2.996658171422052
113.03539268742335,115.87493257818966,-2.9972211459301237,-2.916608000106087
113.03539268742335,114.61239025515522,-2.9972211459301237,-2.9717158551205243
113.03539268742335,113.4063490286148,-2.9972211459301237,-2.9845188784117007
113.03539268742335,115.09126813099246,-2.9972211459301237,-2.977151005906318
113.03539268742335,108.55873986004075,-2.9972211459301237,-2.937433945861307
113.03539268742335,110.54863183232979,-2.9972211459301237,-2.9739734246617866
113.03539268742335,112.2898036332774,-2.9972211459301237,-2.976799907563702
113.03539268742335,117.48191350161096,-2.9972211459301237,-2.934172485619175
113.03539268742335,114.4071676076285,-2.9972211459301237,-2.9801512177562217
113.03539268742335,113.10172412478954,-2.9972211459301237,-2.9477627513037707
113.03539268742335,113.92102527628515,-2.9972211459301237,-2.973413422218141
113.03539268742335,112.18288639538564,-2.9972211459301237,-2.9887478953926303
113.03539268742335,113.10172412478954,-2.9972211459301237,-2.941891808961469
113.03539268742335,113.38430226446692,-2.9972211459301237,-2.953166719756632
113.03539268742335,113.03539268742335,-2.9972211459301237,-2.9639352465514532
113.03539268742335,115.29527310345381,-2.9972211459301237,-2.934104251861541
113.03539268742335,114.17968295629481,-2.9972211459301237,-2.9452587749227175
113.03539268742335,110.87831167545798,-2.9972211459301237,-2.9664251265315427
113.03539268742335,111.8257573191436,-2.9972211459301237,-2.991459848286601
113.03539268742335,111.2564604865713,-2.9972211459301237,-2.9930358543406568
113.03539268742335,112.2319027727856,-2.9972211459301237,-2.997034783079627
113.03539268742335,112.79184367674819,-2.9972211459301237,-2.987726455272924
113.03539268742335,111.04503590885997,-2.9972211459301237,-2.9937044783083877
113.03539268742335,112.58330249197702,-2.9972211459301237,-2.9444662534594253
113.03539268742335,111.01801655587259,-2.9972211459301237,-2.9680387394631724
113.03539268742335,111.23848254988019,-2.9972211459301237,-2.9639512223803552
113.03539268742335,112.64990013311153,-2.9972211459301237,-2.963282869688091
113.03539268742335,114.17968295629481,-2.9972211459301237,-2.9283044335495663
113.03539268742335,115.5551816233266,-2.9972211459301237,-2.9532134776119925
113.03539268742335,110.86027241532469,-2.9972211459301237,-2.9483972868289605
113.03539268742335,115.7410903698423,-2.9972211459301237,-2.9621931127014474
113.03539268742335,115.07388930595855,-2.9972211459301237,-2.966225364901598
113.03539268742335,114.48143954370944,-2.9972211459301237,-2.9653887076806544
113.03539268742335,108.9816498315198,-2.9972211459301237,-2.9023972049884073
113.03539268742335,109.1833320612629,-2.9972211459301237,-2.959515097282004
113.03539268742335,114.0570032922135,-2.9972211459301237,-2.9858314439665365
113.03539268742335,116.18519699169941,-2.9972211459301237,-2.945456779131096
113.03539268742335,115.52488909321661,-2.9972211459301237,-2.9676157924554842
113.03539268742335,113.7848847606746,-2.9972211459301237,-2.982932406663734
113.03539268742335,113.17685275708986,-2.9972211459301237,-2.962687039037071
113.03539268742335,110.6752004741803,-2.9972211459301237,-2.965342429158655
113.03539268742335,115.39064086831306,-2.9972211459301237,-2.9746450151333077
113.03539268742335,110.3585066952249,-2.9972211459301237,-2.9364672109296777
113.03539268742335,111.32385189167684,-2.9972211459301237,-2.996453799108289
113.03539268742335,111.04503590885997,-2.9972211459301237,-2.993505405473958
113.03539268742335,112.05802068571441,-2.9972211459301237,-2.960680385037568
113.03539268742335,112.39661916623649,-2.9972211459301237,-2.9953024740288123
113.03539268742335,113.28283188550682,-2.9972211459301237,-2.9898973503704647
113.03539268742335,110.51696702316798,-2.9972211459301237,-2.9297916505843964
113.03539268742335,115.90513362228612,-2.9972211459301237,-2.9490444055057115
113.03539268742335,111.61541112229978,-2.9972211459301237,-2.9969097438638235
113.03539268742335,114.17968295629481,-2.9972211459301237,-2.9671695994066654
113.03539268742335,113.17685275708986,-2.9972211459301237,-2.9951988711036153
113.03539268742335,111.97767634667188,-2.9972211459301237,-2.996517909399743
113.03539268742335,113.4063490286148,-2.9972211459301237,-2.9944947300251266
113.03539268742335,111.01801655587259,-2.9972211459301237,-2.951812039308538
113.03539268742335,112.39661916623649,-2.9972211459301237,-2.980755692568017
113.03539268742335,114.65164630305141,-2.9972211459301237,-2.924599757342661
113.03539268742335,110.51696702316798,-2.9972211459301237,-2.987898944568652
113.03539268742335,113.04423912787418,-2.9972211459301237,-2.968378190290907
113.03539268742335,115.80155439371269,-2.9972211459301237,-2.9223924138832538
113.03539268742335,110.24518130059019,-2.9972211459301237,-2.9667425391207205
113.03539268742335,112.05802068571441,-2.9972211459301237,-2.9954321821547025
113.03539268742335,110.73391531053167,-2.9972211459301237,-2.986666294385291
113.03539268742335,111.80339887498948,-2.9972211459301237,-2.938506983537723
113.03539268742335,114.73883387938018,-2.9972211459301237,-2.9681825978883474
113.03539268742335,113.21219015636082,-2.9972211459301237,-2.987035541143543
113.03539268742335,109.31148155614761,-2.9972211459301237,-2.9615014025418644
113.03539268742335,112.60550608207397,-2.9972211459301237,-2.9611175641354563
113.03539268742335,110.48076755707302,-2.9972211459301237,-2.927529645741213
113.03539268742335,111.57508682497182,-2.9972211459301237,-2.948205237331876
113.03539268742335,111.89280584559492,-2.9972211459301237,-2.962693799380531
113.03539268742335,108.37435120913067,-2.9972211459301237,-2.9177325962066796
113.03539268742335,114.17092449481173,-2.9972211459301237,-2.9616940545469617
113.03539268742335,115.0173899895142,-2.9972211459301237,-2.9704270571974094
113.03539268742335,116.02154972245458,-2.9972211459301237,-2.9516793904131546
113.03539268742335,112.29870880824944,-2.9972211459301237,-2.990393085010788
113.03539268742335,112.55665240224586,-2.9972211459301237,-2.9309666778489945
113.03539268742335,110.11811840019789,-2.9972211459301237,-2.9802895096040123
113.03539268742335,115.95688854052612,-2.9972211459301237,-2.920063660195191
113.03539268742335,115.97413504743201,-2.9972211459301237,-2.9600305679507217
113.03539268742335,114.27598172844546,-2.9972211459301237,-2.97248496180199
113.03539268742335,117.56700217322886,-2.9972211459301237,-2.9319709411536756
113.03539268742335,110.38115781237303,-2.9972211459301237,-2.932578787282993
113.03539268742335,115.42096863222038,-2.9972211459301237,-2.9345932314748078
113.03539268742335,110.29505881951376,-2.9972211459301237,-2.9490314598505236
113.03539268742335,114.07453703609758,-2.9972211459301237,-2.9443951367449186
113.03539268742335,109.33434958877288,-2.9972211459301237,-2.8732540351827525
113.03539268742335,114.80853626799707,-2.9972211459301237,-2.9474602677405626
113.03539268742335,115.90513362228612,-2.9972211459301237,-2.9164003672082623
113.03539268742335,113.96929411029973,-2.9972211459301237,-2.9844038457962467
113.03539268742335,114.02192771568107,-2.9972211459301237,-2.9697253760483595
113.03539268742335,112.94689017409908,-2.9972211459301237,-2.991432403885791
113.03539268742335,110.92790451459904,-2.9972211459301237,-2.9666646279446405
113.03539268742335,113.75412080447899,-2.9972211459301237,-2.9466182738835314
113.03539268742335,115.65898149300814,-2.9972211459301237,-2.90899473119197
113.03539268742335,111.43159336561602,-2.9972211459301237,-2.9932007370896168
113.03539268742335,113.4063490286148,-2.9972211459301237,-2.9901501527464722
113.03539268742335,114.00877159236477,-2.9972211459301237,-2.9818716500495954
113.03539268742335,111.91514642799696,-2.9972211459301237,-2.9575048403897055
113.03539268742335,107.55928597754821,-2.9972211459301237,-2.7960315133169438
113.03539268742335,112.98672488394378,-2.9972211459301237,-2.9949059269178244
113.03539268742335,114.8303095876694,-2.9972211459301237,-2.9443245399487132
113.03539268742335,111.66467659918243,-2.9972211459301237,-2.9660567525509443
113.03539268742335,113.69256791892775,-2.9972211459301237,-2.960596917877503
113.03539268742335,110.11811840019789,-2.9972211459301237,-2.938900661053127
113.03539268742335,111.01351269102334,-2.9972211459301237,-2.98584124673831
113.03539268742335,114.54693361238441,-2.9972211459301237,-2.978540426798035
113.03539268742335,114.4071676076285,-2.9972211459301237,-2.960409001074164
113.03539268742335,115.64168798491312,-2.9972211459301237,-2.95396302090844
113.03539268742335,114.34159348198712,-2.9972211459301237,-2.95811692312388
113.03539268742335,111.01801655587259,-2.9972211459301237,-2.9687961884145455
113.03539268742335,113.03539268742335,-2.9972211459301237,-2.9751417727876204
113.03539268742335,110.93241185514718,-2.9972211459301237,-2.970278891283831
113.03539268742335,110.87380213558116,-2.9972211459301237,-2.9528630946271957
113.03539268742335,113.21219015636082,-2.9972211459301237,-2.9487217942083053
113.03539268742335,112.1338485917611,-2.9972211459301237,-2.971309043894905
113.03539268742335,114.8303095876694,-2.9972211459301237,-2.945309072292977
113.03539268742335,113.65298060323803,-2.9972211459301237,-2.993432028365099
113.03539268742335,114.4071676076285,-2.9972211459301237,-2.9596961174454144
113.03539268742335,113.65737987477979,-2.9972211459301237,-2.9939958507066917
113.03539268742335,111.66467659918243,-2.9972211459301237,-2.9859598699065133
113.03539268742335,113.67057666784312,-2.9972211459301237,-2.9926000448203065
113.03539268742335,112.00892821556681,-2.9972211459301237,-2.9871001664636423
113.03539268742335,115.95257651298655,-2.9972211459301237,-2.951923764520577
113.03539268742335,109.40292500660117,-2.9972211459301237,-2.911285336934003
113.03539268742335,112.2898036332774,-2.9972211459301237,-2.977790637590182
113.03539268742335,116.49892703368559,-2.9972211459301237,-2.944147326934198
113.03539268742335,112.24081254160627,-2.9972211459301237,-2.9916935160799376
113.03539268742335,115.38630767989761,-2.9972211459301237,-2.8984453320665526
113.03539268742335,114.74319151914854,-2.9972211459301237,-2.9295299259277154
113.03539268742335,114.21033228215387,-2.9972211459301237,-2.904937416434895
113.03539268742335,113.84199576606166,-2.9972211459301237,-2.9311937404357176
113.03539268742335,113.18568814121333,-2.9972211459301237,-2.987537543614326
113.03539268742335,111.73629669896886,-2.9972211459301237,-2.997511919042811
111.73629669896886,107.53604047016051,-2.997511919042811,-2.8455553375079052
111.73629669896886,108.52188719332152,-2.997511919042811,-2.9241735906243638
111.73629669896886,113.28724553099524,-2.997511919042811,-2.9968291888692353
111.73629669896886,113.37548235840057,-2.997511919042811,-2.9875476737727595
111.73629669896886,110.2905254316979,-2.997511919042811,-2.9823241529520375
111.73629669896886,109.40292500660117,-2.997511919042811,-2.8785989843771222
111.73629669896886,111.90174261377702,-2.997511919042811,-2.945780937630206
111.73629669896886,108.93576088686396,-2.997511919042811,-2.961057679098681
111.73629669896886,113.39312148450628,-2.997511919042811,-2.988883659580311
111.73629669896886,111.16654172906523,-2.997511919042811,-2.952834082711087
111.73629669896886,107.07474025184464,-2.997511919042811,-2.865800710495059
111.73629669896886,115.65898149300814,-2.997511919042811,-2.9683681132269593
111.73629669896886,111.83022847155415,-2.997511919042811,-2.9623870926069635
111.73629669896886,110.78357278947091,-2.997511919042811,-2.9648585160135665
111.73629669896886,114.64728518373211,-2.997511919042811,-2.983165702171696
111.73629669896886,113.34019587066187,-2.997511919042811,-2.989513415721685
111.73629669896886,111.97321108193691,-2.997511919042811,-2.997184161675403
111.73629669896886,110.8647825055369,-2.997511919042811,-2.9919691940432793
111.73629669896886,109.38921336219582,-2.997511919042811,-2.947874869383867
111.73629669896886,113.19893992436502,-2.997511919042811,-2.9056368601607345
111.73629669896886,113.07077429645558,-2.997511919042811,-2.948751844077489
111.73629669896886,112.05802068571441,-2.997511919042811,-2.969286249633396
111.73629669896886,112.05802068571441,-2.997511919042811,-2.969771867806573
111.73629669896886,109.31148155614761,-2.997511919042811,-2.8953609725987777
111.73629669896886,112.80514172678478,-2.997511919042811,-2.9937012040383992
111.73629669896886,113.75851616472501,-2.997511919042811,-2.9697196510088286
111.73629669896886,112.00892821556681,-2.997511919042811,-2.9687768451718277
111.73629669896886,114.5512985522207,-2.997511919042811,-2.9742684557734678
111.73629669896886,107.70793842609746,-2.997511919042811,-2.723204726346882
111.73629669896886,111.89280584559492,-2.997511919042811,-2.9975219190046416
111.89280584559492,112.36547512470189,-2.9975219190046416,-2.945257294425328
111.89280584559492,109.38921336219582,-2.9975219190046416,-2.80016737753635
111.89280584559492,115.39064086831306,-2.9975219190046416,-2.9653011080911535
111.89280584559492,109.92270011239717,-2.9975219190046416,-2.9655460600790353
111.89280584559492,113.63978176677391,-2.9975219190046416,-2.96960753286205
111.89280584559492,108.28665661105249,-2.9975219190046416,-2.9418179859929636
111.89280584559492,111.09455432198286,-2.9975219190046416,-2.9903000555245276
111.89280584559492,111.73629669896886,-2.9975219190046416,-2.846994985798238
111.89280584559492,110.60289327137876,-2.9975219190046416,-2.9722576977445496
111.89280584559492,114.00877159236477,-2.9975219190046416,-2.9744660319908216
111.89280584559492,112.09817126073021,-2.9975219190046416,-2.997750033677563
112.09817126073021,113.11056537742175,-2.997750033677563,-2.9927574369786702
112.09817126073021,111.61541112229978,-2.997750033677563,-2.993853489038656
112.09817126073021,110.39021695784459,-2.997750033677563,-2.9776780438523085
112.09817126073021,112.50333328395207,-2.997750033677563,-2.967521112705662
112.09817126073021,114.58621208504974,-2.997750033677563,-2.973550185039774
112.09817126073021,110.86027241532469,-2.997750033677563,-2.960300062539601
112.09817126073021,112.8228700219951,-2.997750033677563,-2.993277001787366
112.09817126073021,111.61541112229978,-2.997750033677563,-2.9716389774058167
112.09817126073021,112.5433249908674,-2.997750033677563,-2.99809973115947
112.5433249908674,111.48542505637228,-2.99809973115947,-2.9892332819287812
112.5433249908674,113.00442469213318,-2.99809973115947,-2.998012618656045
112.5433249908674,115.78428218026832,-2.99809973115947,-2.955231598730432
112.5433249908674,110.79711187571633,-2.99809973115947,-2.965573545081161
112.5433249908674,109.06878563548784,-2.99809973115947,-2.9199433607454863
112.5433249908674,115.18246394308467,-2.99809973115947,-2.9760434422525757
112.5433249908674,111.01801655587259,-2.99809973115947,-2.991652229879615
112.5433249908674,110.69778678907723,-2.99809973115947,-2.974775334711124
112.5433249908674,112.35657524150511,-2.99809973115947,-2.931828796449941
112.5433249908674,112.3120652467935,-2.99809973115947,-2.950198378486058
112.5433249908674,114.86513831445988,-2.99809973115947,-2.980169487597071
112.5433249908674,109.30690737551767,-2.99809973115947,-2.8761670828607606
112.5433249908674,114.58621208504974,-2.99809973115947,-2.9281287725386957
112.5433249908674,112.9513169467271,-2.99809973115947,-2.9136451867601494
112.5433249908674,112.46777316191515,-2.99809973115947,-2.9935235291443663
112.5433249908674,112.48999955551605,-2.99809973115947,-2.997299971568193
112.5433249908674,115.91807451816995,-2.99809973115947,-2.95462185590429
112.5433249908674,108.54031509075327,-2.99809973115947,-2.8861858643326093
112.5433249908674,115.77132632910448,-2.99809973115947,-2.9502284734318804
112.5433249908674,113.4283915075939,-2.99809973115947,-2.9907365207345333
112.5433249908674,113.6089785184252,-2.99809973115947,-2.943171623275425
112.5433249908674,114.49454135459908,-2.99809973115947,-2.983570462687947
112.5433249908674,113.33578428722325,-2.99809973115947,-2.9903669144379825
112.5433249908674,113.11498574459532,-2.99809973115947,-2.9501071012288413
112.5433249908674,113.33578428722325,-2.99809973115947,-2.9844053710398697
112.5433249908674,110.51244273836318,-2.99809973115947,-2.9709102341097893
112.5433249908674,112.68983982595769,-2.99809973115947,-2.9631601115096617
112.5433249908674,111.32385189167684,-2.99809973115947,-2.9748737350200045
112.5433249908674,108.4665847162157,-2.99809973115947,-2.9329774892621243
112.5433249908674,109.84079387914127,-2.99809973115947,-2.877265403742309
112.5433249908674,112.84502647436439,-2.99809973115947,-2.991524637719408
112.5433249908674,113.84638773364749,-2.99809973115947,-2.9558282238762676
112.5433249908674,115.45994976614185,-2.99809973115947,-2.967002528361261
112.5433249908674,116.1077086157504,-2.99809973115947,-2.964902081211367
112.5433249908674,111.95088208674373,-2.99809973115947,-2.9944598835172247
112.5433249908674,113.63538181394033,-2.99809973115947,-2.9609119075032146
112.5433249908674,111.48542505637228,-2.99809973115947,-2.9790316428021657
112.5433249908674,114.34159348198712,-2.99809973115947,-2.981055280023755
112.5433249908674,111.15754585272202,-2.99809973115947,-2.988301064643897
112.5433249908674,110.78357278947091,-2.99809973115947,-2.987891472844867
112.5433249908674,112.87603820120549,-2.99809973115947,-2.9622316565384628
112.5433249908674,112.5433249908674,-2.99809973115947,-2.8440183374451724
112.5433249908674,111.90174261377702,-2.99809973115947,-2.9921593350370266
112.5433249908674,113.99561395071304,-2.99809973115947,-2.991239937358601
112.5433249908674,114.34159348198712,-2.99809973115947,-2.9576779022630997
112.5433249908674,114.27598172844546,-2.99809973115947,-2.9792051956215264
112.5433249908674,111.36426715962351,-2.99809973115947,-2.995569593928431
112.5433249908674,110.06816070054046,-2.99809973115947,-2.9551275138791473
112.5433249908674,111.30588483993108,-2.99809973115947,-2.9917783740622914
112.5433249908674,110.17259187293362,-2.99809973115947,-2.929211643037707
112.5433249908674,112.84502647436439,-2.99809973115947,-2.973282830493193
112.5433249908674,116.1077086157504,-2.99809973115947,-2.9482058746499358
112.5433249908674,111.04053313993049,-2.99809973115947,-2.9445460909033567
112.5433249908674,112.25862995778988,-2.99809973115947,-2.996075101128085
112.5433249908674,112.63214461245067,-2.99809973115947,-2.974524747263498
112.5433249908674,113.66617790706258,-2.99809973115947,-2.988335096629053
112.5433249908674,111.95088208674373,-2.99809973115947,-2.9373798658315717
112.5433249908674,113.79367293483412,-2.99809973115947,-2.972338203002486
112.5433249908674,113.00884921102418,-2.99809973115947,-2.988860190251636
112.5433249908674,111.27443551867607,-2.99809973115947,-2.937534049858851
112.5433249908674,108.60018416190647,-2.99809973115947,-2.8503389408153703
112.5433249908674,111.27443551867607,-2.99809973115947,-2.92945275878219
112.5433249908674,113.79367293483412,-2.99809973115947,-2.989829807337875
112.5433249908674,110.78357278947091,-2.99809973115947,-2.9540611918973307
112.5433249908674,110.42644610780518,-2.99809973115947,-2.983586931744105
112.5433249908674,111.79892664958818,-2.99809973115947,-2.9220168451880166
112.5433249908674,111.58852987650657,-2.99809973115947,-2.951935424432329
112.5433249908674,112.25417586887359,-2.99809973115947,-2.9927387234075593
112.5433249908674,112.21853679316978,-2.99809973115947,-2.996092387169595
112.5433249908674,113.11498574459532,-2.99809973115947,-2.9898670391263593
112.5433249908674,111.89727431890377,-2.99809973115947,-2.989201962679083
112.5433249908674,111.56164215356459,-2.99809973115947,-2.9402408090524026
112.5433249908674,113.6089785184252,-2.99809973115947,-2.9747618739592827
112.5433249908674,115.31695452100702,-2.99809973115947,-2.9237716065309907
112.5433249908674,112.39661916623649,-2.99809973115947,-2.998540620100499
112.39661916623649,112.29870880824944,-2.998540620100499,-2.97238174996097
112.39661916623649,112.8317331250389,-2.998540620100499,-2.968700574470795
112.39661916623649,111.56164215356459,-2.998540620100499,-2.9427374902829517
112.39661916623649,111.32834320154055,-2.998540620100499,-2.97910029528295
112.39661916623649,108.9816498315198,-2.998540620100499,-2.9615107747525635
112.39661916623649,111.82128598795491,-2.998540620100499,-2.9868857804054842
112.39661916623649,106.48004507887852,-2.998540620100499,-2.841652435350554
112.39661916623649,114.74319151914854,-2.998540620100499,-2.965057897895943
112.39661916623649,112.16505694733989,-2.998540620100499,-2.9890039876998977
112.39661916623649,108.78419002777932,-2.998540620100499,-2.933353755710341
112.39661916623649,112.74750551564323,-2.998540620100499,-2.995368971849931
112.39661916623649,112.1338485917611,-2.998540620100499,-2.9831178593416294
112.39661916623649,112.79184367674819,-2.998540620100499,-2.9989733536828758
112.79184367674819,112.3120652467935,-2.9989733536828758,-2.9502313427147024
112.79184367674819,111.56164215356459,-2.9989733536828758,-2.998246634384732
112.79184367674819,114.9130105775669,-2.9989733536828758,-2.9809168635021344
112.79184367674819,114.83901775964473,-2.9989733536828758,-2.980026777154755
112.79184367674819,113.54734695271397,-2.9989733536828758,-2.951685142883905
112.79184367674819,112.6454615153225,-2.9989733536828758,-2.9926440369690246
112.79184367674819,111.46299834474219,-2.9989733536828758,-2.9470779084150274
112.79184367674819,114.9826073804208,-2.9989733536828758,-2.977858725988329
112.79184367674819,111.46748404803976,-2.9989733536828758,-2.967424402038735
112.79184367674819,112.37882362794157,-2.9989733536828758,-2.9862509639012336
112.79184367674819,112.942463227964,-2.9989733536828758,-2.9803294372625024
112.79184367674819,112.8228700219951,-2.9989733536828758,-2.954751339976787
112.79184367674819,112.5433249908674,-2.9989733536828758,-2.9935188923042424
112.79184367674819,116.41735265844177,-2.9989733536828758,-2.953790297694813
112.79184367674819,109.754270987511,-2.9989733536828758,-2.978406887884188
112.79184367674819,114.58184847522752,-2.9989733536828758,-2.984047374699523
112.79184367674819,113.05750749065716,-2.9989733536828758,-2.9458523398980923
112.79184367674819,112.94689017409908,-2.9989733536828758,-2.986847882031701
112.79184367674819,115.64168798491312,-2.9989733536828758,-2.9632464226600272
112.79184367674819,109.2291169972549,-2.9989733536828758,-2.9447944898643863
112.79184367674819,113.60457737256893,-2.9989733536828758,-2.9896801487428513
112.79184367674819,114.02192771568107,-2.9989733536828758,-2.9668274828179904
112.79184367674819,111.22499719037982,-2.9989733536828758,-2.971640290600548
112.79184367674819,112.8317331250389,-2.9989733536828758,-2.899682583090815
112.79184367674819,115.87493257818966,-2.9989733536828758,-2.916109725735269
112.79184367674819,116.35720862928949,-2.9989733536828758,-2.9401138047682402
112.79184367674819,111.16654172906523,-2.9989733536828758,-2.9594485988560493
112.79184367674819,115.15641536623133,-2.9989733536828758,-2.9596379136698596
112.79184367674819,115.45128842936315,-2.9989733536828758,-2.975619968914688
112.79184367674819,113.07077429645558,-2.9989733536828758,-2.9979897275326053
112.79184367674819,113.35342959081565,-2.9989733536828758,-2.985466722931235
112.79184367674819,111.82128598795491,-2.9989733536828758,-2.9756619272815357
112.79184367674819,108.93576088686396,-2.9989733536828758,-2.9422862775591723
112.79184367674819,115.4036394573412,-2.9989733536828758,-2.9727457628398186
112.79184367674819,115.53787257864843,-2.9989733536828758,-2.9303117276453654
112.79184367674819,116.77328461596,-2.9989733536828758,-2.9463677950975566
112.79184367674819,111.31936040060597,-2.9989733536828758,-2.9741986307224924
112.79184367674819,114.33284742365161,-2.9989733536828758,-2.9585931444630194
112.79184367674819,111.58852987650657,-2.9989733536828758,-2.9549220271311882
112.79184367674819,111.8257573191436,-2.9989733536828758,-2.980016012344455
112.79184367674819,113.6089785184252,-2.9989733536828758,-2.928373435208643
112.79184367674819,112.08925015361643,-2.9989733536828758,-2.9355036591661743
112.79184367674819,112.96902230257638,-2.9989733536828758,-2.989827054418863
112.79184367674819,110.8647825055369,-2.9989733536828758,-2.991020781887319
112.79184367674819,108.67382389517726,-2.9989733536828758,-2.938464913593634
112.79184367674819,114.12712210513327,-2.9989733536828758,-2.9750095940418126
112.79184367674819,111.82128598795491,-2.9989733536828758,-2.9827625125699937
112.79184367674819,116.0775602776006,-2.9989733536828758,-2.8989350629435795
112.79184367674819,113.35342959081565,-2.9989733536828758,-2.9728052265934624
112.79184367674819,110.93241185514718,-2.9989733536828758,-2.9588737819134865
112.79184367674819,113.84199576606166,-2.9989733536828758,-2.9892948937972244
112.79184367674819,114.02192771568107,-2.9989733536828758,-2.980823329913166
112.79184367674819,112.25862995778988,-2.9989733536828758,-2.9675995355343305
112.79184367674819,113.11056537742175,-2.9989733536828758,-2.997370979247082
112.79184367674819,111.1035552986492,-2.9989733536828758,-2.979766705851759
112.79184367674819,116.11201488218177,-2.9989733536828758,-2.951638759246436
112.79184367674819,109.88175462741756,-2.9989733536828758,-2.9517442823753717
112.79184367674819,111.55716023635597,-2.9989733536828758,-2.9820800550308784
112.79184367674819,111.40017953306898,-2.9989733536828758,-2.99359705553908
112.79184367674819,113.43279948938931,-2.9989733536828758,-2.9873851515894954
112.79184367674819,113.75851616472501,-2.9989733536828758,-2.9926696212057546
112.79184367674819,114.49454135459908,-2.9989733536828758,-2.8918450881951787
112.79184367674819,109.49429208867465,-2.9989733536828758,-2.962178774248074
112.79184367674819,112.8317331250389,-2.9989733536828758,-2.961246382215608
112.79184367674819,114.35033887138245,-2.9989733536828758,-2.946107758567063
112.79184367674819,116.081867662439,-2.9989733536828758,-2.894614341818728
112.79184367674819,113.54734695271397,-2.9989733536828758,-2.969891713725126
112.79184367674819,113.76291135515125,-2.9989733536828758,-2.987352644289789
112.79184367674819,111.66467659918243,-2.9989733536828758,-2.9786357849495193
112.79184367674819,114.57748469922004,-2.9989733536828758,-2.9553571880903475
112.79184367674819,115.29960971312956,-2.9989733536828758,-2.929655242300683
112.79184367674819,111.97767634667188,-2.9989733536828758,-2.945985539034167
112.79184367674819,112.2319027727856,-2.9989733536828758,-2.995905107840156
112.79184367674819,113.50770898930169,-2.9989733536828758,-2.9835237380164807
112.79184367674819,113.6089785184252,-2.9989733536828758,-2.988147857516691
112.79184367674819,112.18288639538564,-2.9989733536828758,-2.987506338853724
112.79184367674819,110.3585066952249,-2.9989733536828758,-2.9799199734980837
112.79184367674819,112.58330249197702,-2.9989733536828758,-2.9872952314651515
112.79184367674819,115.93532679903913,-2.9989733536828758,-2.967469417916566
112.79184367674819,112.94689017409908,-2.9989733536828758,-2.961577411972807
112.79184367674819,114.59930191759459,-2.9989733536828758,-2.9790515192980025
112.79184367674819,109.89540481748998,-2.9989733536828758,-2.9754189357362364
112.79184367674819,112.3120652467935,-2.9989733536828758,-2.9800310289159535
112.79184367674819,112.23635774560755,-2.9989733536828758,-2.9925131993897702
112.79184367674819,113.20777358467925,-2.9989733536828758,-2.992377692626025
112.79184367674819,112.23635774560755,-2.9989733536828758,-2.993370090424944
112.79184367674819,113.9254141971843,-2.9989733536828758,-2.9893896345493673
112.79184367674819,114.65164630305141,-2.9989733536828758,-2.9841439892285426
112.79184367674819,110.51696702316798,-2.9989733536828758,-2.978788479745644
112.79184367674819,113.18568814121333,-2.9989733536828758,-2.9051555142429466
112.79184367674819,113.50770898930169,-2.9989733536828758,-2.9949258880394476
112.79184367674819,112.72976536833562,-2.9989733536828758,-2.956352630627774
112.79184367674819,114.17968295629481,-2.9989733536828758,-2.970855312855431
112.79184367674819,110.0,-2.9989733536828758,-2.9709107558695393
112.79184367674819,115.15641536623133,-2.9989733536828758,-2.9666196762524017
112.79184367674819,113.38430226446692,-2.9989733536828758,-2.9963985145768777
112.79184367674819,110.0272693471941,-2.9989733536828758,-2.977340738071973
112.79184367674819,113.65737987477979,-2.9989733536828758,-2.9693378817347216
112.79184367674819,113.11498574459532,-2.9989733536828758,-2.991530024026764
112.79184367674819,108.52188719332152,-2.9989733536828758,-2.9313486660053085
112.79184367674819,112.05802068571441,-2.9989733536828758,-2.9835621171168896
112.79184367674819,111.15754585272202,-2.9989733536828758,-2.9674983860016777
112.79184367674819,115.39930675701653,-2.9989733536828758,-2.966759670849689
112.79184367674819,111.48990985734987,-2.9989733536828758,-2.9912505285102284
112.79184367674819,116.77328461596,-2.9989733536828758,-2.951846491360989
112.79184367674819,110.54863183232979,-2.9989733536828758,-2.954510714365352
112.79184367674819,116.19810669714029,-2.9989733536828758,-2.939228970694735
112.79184367674819,115.29527310345381,-2.9989733536828758,-2.9659015626498113
112.79184367674819,116.66619047521866,-2.9989733536828758,-2.9540402263595738
112.79184367674819,113.6089785184252,-2.9989733536828758,-2.971057638902955
112.79184367674819,112.96016997154351,-2.9989733536828758,-2.9924545815855232
112.79184367674819,116.40446726822816,-2.9989733536828758,-2.954657403406885
112.79184367674819,116.55470818461174,-2.9989733536828758,-2.9273727209793248
112.79184367674819,114.3241006962224,-2.9989733536828758,-2.978944467211248
112.79184367674819,108.52188719332152,-2.9989733536828758,-2.944257151129516
112.79184367674819,112.18288639538564,-2.9989733536828758,-2.9976187856403764
112.79184367674819,112.5921844534513,-2.9989733536828758,-2.99504283757751
112.79184367674819,113.84199576606166,-2.9989733536828758,-2.980018325781235
112.79184367674819,115.39930675701653,-2.9989733536828758,-2.9441106034005218
112.79184367674819,113.67057666784312,-2.9989733536828758,-2.9733527733147693
112.79184367674819,111.41813137905338,-2.9989733536828758,-2.994395942177836
112.79184367674819,112.6454615153225,-2.9989733536828758,-2.99236823953097
112.79184367674819,112.94689017409908,-2.9989733536828758,-2.9658264273897244
112.79184367674819,114.31972708154967,-2.9989733536828758,-2.9858747688808283
112.79184367674819,114.9826073804208,-2.9989733536828758,-2.9666862733549877
112.79184367674819,114.74319151914854,-2.9989733536828758,-2.9387839501531223
112.79184367674819,112.58330249197702,-2.9989733536828758,-2.951990051687654
112.79184367674819,115.4036394573412,-2.9989733536828758,-2.964959412129443
112.79184367674819,110.7158525234756,-2.9989733536828758,-2.979324545042879
112.79184367674819,110.93241185514718,-2.9989733536828758,-2.9881342643131967
112.79184367674819,113.05750749065716,-2.9989733536828758,-2.9271661625379832
112.79184367674819,108.83473710171766,-2.9989733536828758,-2.9325520795372158
112.79184367674819,108.9816498315198,-2.9989733536828758,-2.9361052647680075
112.79184367674819,113.05750749065716,-2.9989733536828758,-2.9826464239632484
112.79184367674819,110.3585066952249,-2.9989733536828758,-2.9869697153823758
112.79184367674819,111.14405067298924,-2.9989733536828758,-2.9914123258523433
112.79184367674819,110.87831167545798,-2.9989733536828758,-2.9651765194330073
112.79184367674819,113.76291135515125,-2.9989733536828758,-2.9911671480914044
112.79184367674819,113.04866208850063,-2.9989733536828758,-2.9779897497793835
112.79184367674819,115.25189803209317,-2.9989733536828758,-2.946597275828092
112.79184367674819,112.36547512470189,-2.9989733536828758,-2.9902839796852962
112.79184367674819,109.07795377618706,-2.9989733536828758,-2.958509284866524
112.79184367674819,114.49454135459908,-2.9989733536828758,-2.967255712442561
112.79184367674819,115.39930675701653,-2.9989733536828758,-2.9352875858251934
112.79184367674819,107.63828315241747,-2.9989733536828758,-2.83730168777463
112.79184367674819,115.54220008291342,-2.9989733536828758,-2.971047505631341
112.79184367674819,111.13055385446434,-2.9989733536828758,-2.9927014462683825
112.79184367674819,113.89029809426262,-2.9989733536828758,-2.9714862101509834
112.79184367674819,112.08925015361643,-2.9989733536828758,-2.986704430777429
112.79184367674819,114.09645042682091,-2.9989733536828758,-2.971648593704673
112.79184367674819,111.14405067298924,-2.9989733536828758,-2.9622402075644145
112.79184367674819,112.91146974510606,-2.9989733536828758,-2.997859476928089
112.79184367674819,114.07453703609758,-2.9989733536828758,-2.9801208475969068
112.79184367674819,112.6454615153225,-2.9989733536828758,-2.996971839779074
112.79184367674819,113.11056537742175,-2.9989733536828758,-2.9757762415570506
112.79184367674819,111.36426715962351,-2.9989733536828758,-2.997354349499697
112.79184367674819,114.02192771568107,-2.9989733536828758,-2.9859400290601297
112.79184367674819,113.21219015636082,-2.9989733536828758,-2.9632895608040846
112.79184367674819,111.97767634667188,-2.9989733536828758,-2.996271617329339
112.79184367674819,111.00450441310929,-2.9989733536828758,-2.993003498409309
112.79184367674819,114.02192771568107,-2.9989733536828758,-2.9763517248565354
112.79184367674819,113.50770898930169,-2.9989733536828758,-2.994449372003099
112.79184367674819,112.6587768440613,-2.9989733536828758,-2.9911952230398104
112.79184367674819,111.61541112229978,-2.9989733536828758,-2.9493511055420147
112.79184367674819,112.96902230257638,-2.9989733536828758,-2.9853788261016407
112.79184367674819,112.6454615153225,-2.9989733536828758,-2.9944310716546
112.79184367674819,114.64728518373211,-2.9989733536828758,-2.963676390765918
112.79184367674819,108.79797792238604,-2.9989733536828758,-2.921991020684899
112.79184367674819,109.38921336219582,-2.9989733536828758,-2.967552427312058
112.79184367674819,113.03539268742335,-2.9989733536828758,-2.9724897062428512
112.79184367674819,114.59057552870567,-2.9989733536828758,-2.92983191554969
112.79184367674819,112.43220179290273,-2.9989733536828758,-2.955887070315347
112.79184367674819,111.04503590885997,-2.9989733536828758,-2.9889133635613367
112.79184367674819,109.6540012949824,-2.9989733536828758,-2.974769652240271
112.79184367674819,110.45361017187261,-2.9989733536828758,-2.954511180749509
112.79184367674819,111.56164215356459,-2.9989733536828758,-2.977442438056832
112.79184367674819,111.44056711987785,-2.9989733536828758,-2.9460771265207764
112.79184367674819,109.98181667894016,-2.9989733536828758,-2.9428583316621815
112.79184367674819,112.79184367674819,-2.9989733536828758,-2.955301332303656
112.79184367674819,111.43159336561602,-2.9989733536828758,-2.9932007370896168
112.79184367674819,110.3177229641729,-2.9989733536828758,-2.97319315509585
112.79184367674819,111.26994203287786,-2.9989733536828758,-2.969212448450813
112.79184367674819,111.6870628139177,-2.9989733536828758,-2.9977147486218563
112.79184367674819,112.08925015361643,-2.9989733536828758,-2.979551844951254
112.79184367674819,110.37209792334292,-2.9989733536828758,-2.976414207975032
112.79184367674819,111.57508682497182,-2.9989733536828758,-2.98573977156931
112.79184367674819,112.8228700219951,-2.9989733536828758,-2.9673630603902335
112.79184367674819,111.13055385446434,-2.9989733536828758,-2.9727765819957908
112.79184367674819,111.95088208674373,-2.9989733536828758,-2.978239588151747
112.79184367674819,114.80853626799707,-2.9989733536828758,-2.963235741223624
112.79184367674819,112.66765285564442,-2.9989733536828758,-2.991924868320105
112.79184367674819,111.01801655587259,-2.9989733536828758,-2.952368397284884
112.79184367674819,112.91146974510606,-2.9989733536828758,-2.9845045198608378
112.79184367674819,110.76100396800311,-2.9989733536828758,-2.976083338930896
112.79184367674819,114.9130105775669,-2.9989733536828758,-2.9824359089586574
112.79184367674819,114.88254871824527,-2.9989733536828758,-2.978274157834057
112.79184367674819,114.28473213863697,-2.9989733536828758,-2.9865444283891995
112.79184367674819,113.47246362003426,-2.9989733536828758,-2.981390044348254
112.79184367674819,115.39930675701653,-2.9989733536828758,-2.9522072225943683
112.79184367674819,115.2128465059344,-2.9989733536828758,-2.9396460908640942
112.79184367674819,110.39021695784459,-2.9989733536828758,-2.9717061467769215
112.79184367674819,110.42644610780518,-2.9989733536828758,-2.967086130893872
112.79184367674819,117.06835610018618,-2.9989733536828758,-2.9398651652971552
112.79184367674819,107.82856764327346,-2.9989733536828758,-2.916577017352635
112.79184367674819,110.7158525234756,-2.9989733536828758,-2.96847847858608
112.79184367674819,109.754270987511,-2.9989733536828758,-2.9363759789889885
112.79184367674819,116.62332528272378,-2.9989733536828758,-2.9410171415243824
112.79184367674819,114.08768557561329,-2.9989733536828758,-2.930126752337785
112.79184367674819,113.21219015636082,-2.9989733536828758,-2.966107622279326
112.79184367674819,112.69871339105873,-2.9989733536828758,-2.9830296860957812
112.79184367674819,109.55820370926132,-2.9989733536828758,-2.9369628512390844
112.79184367674819,113.11056537742175,-2.9989733536828758,-2.9850062172332166
112.79184367674819,109.40292500660117,-2.9989733536828758,-2.940808688005454
112.79184367674819,114.83901775964473,-2.9989733536828758,-2.9334445770955084
112.79184367674819,114.65164630305141,-2.9989733536828758,-2.984944102931823
112.79184367674819,111.61541112229978,-2.9989733536828758,-2.9545999797376363
112.79184367674819,112.1338485917611,-2.9989733536828758,-2.981256088205134
112.79184367674819,108.74741376235114,-2.9989733536828758,-2.9548888621955305
112.79184367674819,110.20889256316842,-2.9989733536828758,-2.919385719034904
112.79184367674819,111.66915420114903,-2.9989733536828758,-2.993202161766147
112.79184367674819,110.8647825055369,-2.9989733536828758,-2.987174633178104
112.79184367674819,112.1338485917611,-2.9989733536828758,-2.9994396866165767
112.1338485917611,112.27644454648535,-2.9994396866165767,-2.918192238585921
112.1338485917611,110.3585066952249,-2.9994396866165767,-2.9732111292818018
112.1338485917611,112.98672488394378,-2.9994396866165767,-2.99146759507237
112.1338485917611,111.9866063420086,-2.9994396866165767,-2.9955631789586676
112.1338485917611,112.3120652467935,-2.9994396866165767,-2.967389882360219
112.1338485917611,112.55665240224586,-2.9994396866165767,-2.9727038371550596
112.1338485917611,112.5433249908674,-2.9994396866165767,-2.975922202017748
112.1338485917611,109.07336980216573,-2.9994396866165767,-2.9568143821197626
112.1338485917611,112.69871339105873,-2.9994396866165767,-2.9838007395040833
112.1338485917611,113.26958991715296,-2.9994396866165767,-2.9918116333332745
112.1338485917611,109.40292500660117,-2.9994396866165767,-2.9407757890360653
112.1338485917611,117.19214990774766,-2.9994396866165767,-2.917363201326919
112.1338485917611,110.92790451459904,-2.9994396866165767,-2.9945514348895568
112.1338485917611,113.77609590770814,-2.9994396866165767,-2.9756509828248134
112.1338485917611,110.87831167545798,-2.9994396866165767,-2.868901070133676
112.1338485917611,108.93576088686396,-2.9994396866165767,-2.9204016138804785
112.1338485917611,112.84502647436439,-2.9994396866165767,-2.973617044502986
112.1338485917611,110.06816070054046,-2.9994396866165767,-2.973062011788307
112.1338485917611,111.2564604865713,-2.9994396866165767,-2.9935565771833814
112.1338485917611,112.86274850454423,-2.9994396866165767,-2.85748213858482
112.1338485917611,112.1338485917611,-2.9994396866165767,-2.9658928832864055
112.1338485917611,111.8436408563312,-2.9994396866165767,-2.996809448934941
112.1338485917611,113.1238259607586,-2.9994396866165767,-2.950618205273564
112.1338485917611,112.39217054581694,-2.9994396866165767,-2.977274037033324
112.1338485917611,111.04503590885997,-2.9994396866165767,-2.9130993749856975
112.1338485917611,112.25862995778988,-2.9994396866165767,-2.977449835653996
112.1338485917611,113.91663618629195,-2.9994396866165767,-2.926745092032101
112.1338485917611,115.07388930595855,-2.9994396866165767,-2.978792937594729
112.1338485917611,112.25417586887359,-2.9994396866165767,-2.9873319285726976
112.1338485917611,111.26994203287786,-2.9994396866165767,-2.9847064333243836
112.1338485917611,111.6870628139177,-2.9994396866165767,-2.9933046515627044
112.1338485917611,107.45231500530828,-2.9994396866165767,-2.836990757057327
112.1338485917611,111.14405067298924,-2.9994396866165767,-2.96771450178307
112.1338485917611,117.00854669638453,-2.9994396866165767,-2.9093416491579855
112.1338485917611,115.52488909321661,-2.9994396866165767,-2.9651573314596846
112.1338485917611,116.64047325006874,-2.9994396866165767,-2.90502593067664
112.1338485917611,114.17968295629481,-2.9994396866165767,-2.9903608880394605
112.1338485917611,112.25862995778988,-2.9994396866165767,-2.999083481231879
112.1338485917611,111.61541112229978,-2.9994396866165767,-2.9844959299600595
112.1338485917611,113.17685275708986,-2.9994396866165767,-2.9914815726719466
112.1338485917611,116.25833303466896,-2.9994396866165767,-2.9633937321421153
112.1338485917611,114.58621208504974,-2.9994396866165767,-2.9479292867951488
112.1338485917611,114.49454135459908,-2.9994396866165767,-2.9469947192292283
112.1338485917611,111.57508682497182,-2.9994396866165767,-2.9913023629392623
112.1338485917611,111.01801655587259,-2.9994396866165767,-2.980021121750184
112.1338485917611,110.0272693471941,-2.9994396866165767,-2.9837055600691196
112.1338485917611,109.1833320612629,-2.9994396866165767,-2.953532780372443
112.1338485917611,111.01801655587259,-2.9994396866165767,-2.9784450313447266
112.1338485917611,110.3585066952249,-2.9994396866165767,-2.9659456555777255
112.1338485917611,113.11056537742175,-2.9994396866165767,-2.9840317435266446
112.1338485917611,110.20435563080073,-2.9994396866165767,-2.9643440821448315
112.1338485917611,117.56700217322886,-2.9994396866165767,-2.9255447252911626
112.1338485917611,114.13150310059007,-2.9994396866165767,-2.984379927089222
112.1338485917611,113.60457737256893,-2.9994396866165767,-2.946320216975126
112.1338485917611,113.21660655575224,-2.9994396866165767,-2.9822735094419857
112.1338485917611,112.2319027727856,-2.9994396866165767,-2.997633322201044
112.1338485917611,110.3585066952249,-2.9994396866165767,-2.971614755637136
112.1338485917611,112.60994627474076,-2.9994396866165767,-2.9342006000512666
112.1338485917611,110.60741385639572,-2.9994396866165767,-2.984566718590879
112.1338485917611,111.13055385446434,-2.9994396866165767,-2.9909506059136417
112.1338485917611,110.76100396800311,-2.9994396866165767,-2.990337754075558
112.1338485917611,111.91514642799696,-2.9994396866165767,-2.9984194174599574
112.1338485917611,117.32859838931002,-2.9994396866165767,-2.9266926835371145
112.1338485917611,114.65164630305141,-2.9994396866165767,-2.9454306177958984
112.1338485917611,109.14210919713803,-2.9994396866165767,-2.92728143235661
112.1338485917611,113.26958991715296,-2.9994396866165767,-2.9960108046258846
112.1338485917611,113.54734695271397,-2.9994396866165767,-2.990735808400821
112.1338485917611,110.78357278947091,-2.9994396866165767,-2.9921047521848765
112.1338485917611,113.20777358467925,-2.9994396866165767,-2.9721112620727586
112.1338485917611,114.8303095876694,-2.9994396866165767,-2.9334917380164023
112.1338485917611,114.45086281894078,-2.9994396866165767,-2.976751891296652
112.1338485917611,112.86274850454423,-2.9994396866165767,-2.975261291159005
112.1338485917611,112.47221879201993,-2.9994396866165767,-2.9905213027650293
112.1338485917611,113.50770898930169,-2.9994396866165767,-2.9409801162427045
112.1338485917611,109.77249200050075,-2.9994396866165767,-2.9391815986109417
112.1338485917611,108.6876257906115,-2.9994396866165767,-2.8269190282975396
112.1338485917611,112.09817126073021,-2.9994396866165767,-2.9651539158115394
112.1338485917611,110.31319050775387,-2.9994396866165767,-2.984391665584277
112.1338485917611,111.41813137905338,-2.9994396866165767,-2.9861782555161045
112.1338485917611,113.03539268742335,-2.9994396866165767,-2.984130939456562
112.1338485917611,108.83473710171766,-2.9994396866165767,-2.9458445531123734
112.1338485917611,111.9866063420086,-2.9994396866165767,-2.9904750216967617
112.1338485917611,114.58184847522752,-2.9994396866165767,-2.977846057291368
112.1338485917611,113.76291135515125,-2.9994396866165767,-2.9591344333755156
112.1338485917611,110.16805344563369,-2.9994396866165767,-2.9815968130721844
112.1338485917611,113.11056537742175,-2.9994396866165767,-2.9962633217504093
112.1338485917611,112.09817126073021,-2.9994396866165767,-2.9665032237179476
112.1338485917611,113.07077429645558,-2.9994396866165767,-2.9780559292688196
112.1338485917611,107.60576192751019,-2.9994396866165767,-2.9154874698865427
112.1338485917611,114.58621208504974,-2.9994396866165767,-2.950414945232148
112.1338485917611,112.2898036332774,-2.9994396866165767,-2.9767529503602925
112.1338485917611,113.00442469213318,-2.9994396866165767,-2.9440753142781326
112.1338485917611,114.83901775964473,-2.9994396866165767,-2.9728020384863956
112.1338485917611,111.57508682497182,-2.9994396866165767,-2.9919373979619848
112.1338485917611,113.04866208850063,-2.9994396866165767,-2.982090021111077
112.1338485917611,109.82258419833327,-2.9994396866165767,-2.916284165915388
112.1338485917611,115.39064086831306,-2.9994396866165767,-2.956815940108864
112.1338485917611,112.5433249908674,-2.9994396866165767,-2.9891072830713514
112.1338485917611,113.49449325848369,-2.9994396866165767,-2.9763562351471604
112.1338485917611,111.6422858956229,-2.9994396866165767,-2.8871266363783548
112.1338485917611,114.57748469922004,-2.9994396866165767,-2.9781197363842393
112.1338485917611,110.8647825055369,-2.9994396866165767,-2.988107541095881
112.1338485917611,113.49449325848369,-2.9994396866165767,-2.9595363026724013
112.1338485917611,109.35264057168442,-2.9994396866165767,-2.9029492805546364
112.1338485917611,111.26994203287786,-2.9994396866165767,-2.9958689985532247
112.1338485917611,111.61541112229978,-2.9994396866165767,-2.9879414267425175
112.1338485917611,111.91514642799696,-2.9994396866165767,-2.9894083088358334
112.1338485917611,114.59057552870567,-2.9994396866165767,-2.9678947704667715
112.1338485917611,113.46365056704283,-2.9994396866165767,-2.923772814823055
112.1338485917611,111.09005356016353,-2.9994396866165767,-2.894987783251033
112.1338485917611,110.4581368664165,-2.9994396866165767,-2.981101245674412
112.1338485917611,114.42901729893515,-2.9994396866165767,-2.92196990814014
112.1338485917611,112.00892821556681,-2.9994396866165767,-2.9916187366703544
112.1338485917611,113.6089785184252,-2.9994396866165767,-2.9661954349536
112.1338485917611,109.45775440780794,-2.9994396866165767,-2.9614559580776665
112.1338485917611,110.24518130059019,-2.9994396866165767,-2.9642665440778515
112.1338485917611,113.7848847606746,-2.9994396866165767,-2.9530572647625686
112.1338485917611,114.88254871824527,-2.9994396866165767,-2.9803056312537737
112.1338485917611,109.84079387914127,-2.9994396866165767,-2.9360771921474256
112.1338485917611,114.48143954370944,-2.9994396866165767,-2.971708712548379
112.1338485917611,111.66467659918243,-2.9994396866165767,-2.991278575131194
112.1338485917611,111.83022847155415,-2.9994396866165767,-2.9749363454911846
112.1338485917611,113.35342959081565,-2.9994396866165767,-2.9881379645311794
112.1338485917611,110.11811840019789,-2.9994396866165767,-2.9599079173788287
112.1338485917611,111.2160060422959,-2.9994396866165767,-2.9885315480769536
112.1338485917611,112.6454615153225,-2.9994396866165767,-2.9809842987009185
112.1338485917611,110.0,-2.9994396866165767,-2.9722205674474123
112.1338485917611,112.63214461245067,-2.9994396866165767,-2.9621988970716377
112.1338485917611,109.48972554536796,-2.9994396866165767,-2.968035130230683
112.1338485917611,110.13173929435601,-2.9994396866165767,-2.9816295603395244
112.1338485917611,115.29960971312956,-2.9994396866165767,-2.9679026773355863
112.1338485917611,115.95688854052612,-2.9994396866165767,-2.9672439770309627
112.1338485917611,108.83473710171766,-2.9994396866165767,-2.8498431472798385
112.1338485917611,117.22627691776277,-2.9994396866165767,-2.942968833101947
112.1338485917611,114.59057552870567,-2.9994396866165767,-2.9825058152598176
112.1338485917611,115.38630767989761,-2.9994396866165767,-2.952310563115562
112.1338485917611,112.39661916623649,-2.9994396866165767,-2.9981455294953747
112.1338485917611,113.21219015636082,-2.9994396866165767,-2.9863539852798864
112.1338485917611,112.98672488394378,-2.9994396866165767,-2.9836845326800474
112.1338485917611,113.84199576606166,-2.9994396866165767,-2.993107189440602
112.1338485917611,111.19802156513397,-2.9994396866165767,-2.9734221601295987
112.1338485917611,109.94998863119541,-2.9994396866165767,-2.972638060637118
112.1338485917611,114.74319151914854,-2.9994396866165767,-2.9364941515728225
112.1338485917611,113.84638773364749,-2.9994396866165767,-2.98446566763999
112.1338485917611,113.35342959081565,-2.9994396866165767,-2.991538499358792
112.1338485917611,113.11498574459532,-2.9994396866165767,-2.939255750338395
112.1338485917611,115.5551816233266,-2.9994396866165767,-2.9723120596808137
112.1338485917611,111.80787092150534,-2.9994396866165767,-2.977326131492897
112.1338485917611,109.94998863119541,-2.9994396866165767,-2.7848823938631226
112.1338485917611,109.0825375575761,-2.9994396866165767,-2.960209820677254
112.1338485917611,111.02252023801297,-2.9994396866165767,-2.9875709954097984
112.1338485917611,114.00877159236477,-2.9994396866165767,-2.972254109466806
112.1338485917611,108.6876257906115,-2.9994396866165767,-2.935337190827326
112.1338485917611,114.79547029391011,-2.9994396866165767,-2.9565126689988204
112.1338485917611,112.04017136723775,-2.9994396866165767,-2.9895511071735035
112.1338485917611,108.74741376235114,-2.9994396866165767,-2.950342956098199
112.1338485917611,108.45736489515131,-2.9994396866165767,-2.944845450599988
112.1338485917611,111.43159336561602,-2.9994396866165767,-2.9946855253671076
112.1338485917611,113.41075786714416,-2.9994396866165767,-2.9630433465490107
112.1338485917611,108.52188719332152,-2.9994396866165767,-2.919661084506265
112.1338485917611,111.1035552986492,-2.9994396866165767,-2.9857344541441133
112.1338485917611,107.20541031123382,-2.9994396866165767,-2.6799671401600804
112.1338485917611,112.8317331250389,-2.9994396866165767,-2.924150399856761
112.1338485917611,115.52488909321661,-2.9994396866165767,-2.9399939231675143
112.1338485917611,114.65164630305141,-2.9994396866165767,-2.96672376464616
112.1338485917611,113.72774507568502,-2.9994396866165767,-2.9798689142785455
112.1338485917611,111.46748404803976,-2.9994396866165767,-2.989200181601308
112.1338485917611,112.72976536833562,-2.9994396866165767,-2.9908841734324874
112.1338485917611,112.1338485917611,-2.9994396866165767,-2.999211803827523
112.1338485917611,113.35342959081565,-2.9994396866165767,-2.954015452461198
112.1338485917611,115.02173707608489,-2.9994396866165767,-2.975523557448773
112.1338485917611,112.09817126073021,-2.9994396866165767,-2.8982102191148424
112.1338485917611,112.50777750893491,-2.9994396866165767,-2.9877315675383453
112.1338485917611,115.52488909321661,-2.9994396866165767,-2.9556230771731835
112.1338485917611,112.37882362794157,-2.9994396866165767,-2.999533042789218
112.37882362794157,109.00458705944443,-2.999533042789218,-2.953637360653543
112.37882362794157,107.42439201596628,-2.999533042789218,-2.9060607090525883
112.37882362794157,114.21471008587291,-2.999533042789218,-2.9737480657939366
112.37882362794157,109.47145746723207,-2.999533042789218,-2.950788795885643
112.37882362794157,109.55363982999378,-2.999533042789218,-2.9738874954589654
112.37882362794157,110.87831167545798,-2.999533042789218,-2.9403059111876537
112.37882362794157,110.66164647247935,-2.999533042789218,-2.955975929467989
112.37882362794157,111.09455432198286,-2.999533042789218,-2.9773632735542543
112.37882362794157,109.70870521521982,-2.999533042789218,-2.9728769439320097
112.37882362794157,109.2291169972549,-2.999533042789218,-2.947355673856435
112.37882362794157,111.01801655587259,-2.999533042789218,-2.9813144216217276
112.37882362794157,108.72442227944924,-2.999533042789218,-2.947062745808862
112.37882362794157,110.85576214162258,-2.999533042789218,-2.975006237622086
112.37882362794157,111.70049238924598,-2.999533042789218,-2.9955963162841033
112.37882362794157,111.14854924829204,-2.999533042789218,-2.9800328669495313
112.37882362794157,112.25862995778988,-2.999533042789218,-2.9914759895612635
112.37882362794157,109.4988584415381,-2.999533042789218,-2.9654871642152045
112.37882362794157,107.86102168995063,-2.999533042789218,-2.9163998687425945
112.37882362794157,112.79184367674819,-2.999533042789218,-2.9685668419571356
112.37882362794157,110.2905254316979,-2.999533042789218,-2.9764254022014325
112.37882362794157,109.12836478203089,-2.999533042789218,-2.907227746895866
112.37882362794157,112.27644454648535,-2.999533042789218,-2.983747016680387
112.37882362794157,110.18166816671456,-2.999533042789218,-2.9852347940458213
112.37882362794157,113.18127053536729,-2.999533042789218,-2.9359809779805564
112.37882362794157,111.44056711987785,-2.999533042789218,-2.8569094079832675
112.37882362794157,110.87380213558116,-2.999533042789218,-2.9863648585253437
112.37882362794157,111.32834320154055,-2.999533042789218,-2.9868396014951863
112.37882362794157,110.8873302050329,-2.999533042789218,-2.9801838501324553
112.37882362794157,110.76100396800311,-2.999533042789218,-2.9721405812536577
112.37882362794157,110.31319050775387,-2.999533042789218,-2.946315760130265
112.37882362794157,110.18166816671456,-2.999533042789218,-2.9683532370620815
112.37882362794157,111.31936040060597,-2.999533042789218,-2.9874954995933463
112.37882362794157,112.47221879201993,-2.999533042789218,-2.9556058754611034
112.37882362794157,109.98181667894016,-2.999533042789218,-2.975702591360473
112.37882362794157,108.83014288330233,-2.999533042789218,-2.8974131058083072
112.37882362794157,112.6454615153225,-2.999533042789218,-2.999513448286052
112.37882362794157,109.69958978957031,-2.999533042789218,-2.9278247887085564
112.37882362794157,111.26994203287786,-2.999533042789218,-2.9896675549057043
112.37882362794157,111.68258592994702,-2.999533042789218,-2.998785376916735
112.37882362794157,111.94194924156002,-2.999533042789218,-2.922580327376725
112.37882362794157,110.17259187293362,-2.999533042789218,-2.956374807893728
112.37882362794157,112.8317331250389,-2.999533042789218,-2.9979003905395714
112.37882362794157,112.0267825120404,-2.999533042789218,-2.996163545866258
112.37882362794157,113.20777358467925,-2.999533042789218,-2.9706161112789196
112.37882362794157,110.39021695784459,-2.999533042789218,-2.95867646323974
112.37882362794157,111.95088208674373,-2.999533042789218,-2.893358851775796
112.37882362794157,107.56858277396798,-2.999533042789218,-2.7543015317905626
112.37882362794157,110.13173929435601,-2.999533042789218,-2.9637779063667784
112.37882362794157,109.12836478203089,-2.999533042789218,-2.9335722398276856
112.37882362794157,108.42970072816765,-2.999533042789218,-2.915893469538383
112.37882362794157,114.27598172844546,-2.999533042789218,-2.9812761098354623
112.37882362794157,111.30588483993108,-2.999533042789218,-2.994783970598896
112.37882362794157,112.3120652467935,-2.999533042789218,-2.9969786588115785
112.37882362794157,108.83014288330233,-2.999533042789218,-2.9530063921378447
112.37882362794157,110.87831167545798,-2.999533042789218,-2.9800061766686685
112.37882362794157,113.20777358467925,-2.999533042789218,-2.995251529204329
112.37882362794157,110.97296968181035,-2.999533042789218,-2.993321180763216
112.37882362794157,111.70049238924598,-2.999533042789218,-2.963502375144267
112.37882362794157,114.21471008587291,-2.999533042789218,-2.9720956927790505
112.37882362794157,109.07795377618706,-2.999533042789218,-2.9576483356532486
112.37882362794157,112.05355862265152,-2.999533042789218,-2.974489192434513
112.37882362794157,113.28283188550682,-2.999533042789218,-2.990169330049791
112.37882362794157,110.00909053346456,-2.999533042789218,-2.9694029465729637
112.37882362794157,110.60289327137876,-2.999533042789218,-2.9866718242669963
112.37882362794157,109.12836478203089,-2.999533042789218,-2.9566946802577228
112.37882362794157,110.74746046749786,-2.999533042789218,-2.899819863417116
112.37882362794157,111.95088208674373,-2.999533042789218,-2.959334918172563
112.37882362794157,107.97221864905805,-2.999533042789218,-2.840326701339742
112.37882362794157,110.51244273836318,-2.999533042789218,-2.9494455168083844
112.37882362794157,108.93576088686396,-2.999533042789218,-2.9524624084055806
112.37882362794157,110.05907504608605,-2.999533042789218,-2.9688364228750364
112.37882362794157,111.22499719037982,-2.999533042789218,-2.9687804809506773
112.37882362794157,113.07077429645558,-2.999533042789218,-2.966471698330719
112.37882362794157,108.93576088686396,-2.999533042789218,-2.9500688249690645
112.37882362794157,109.47145746723207,-2.999533042789218,-2.9534125422378072
112.37882362794157,112.39661916623649,-2.999533042789218,-2.9775325635633036
112.37882362794157,110.1044958210154,-2.999533042789218,-2.9569425272355288
112.37882362794157,111.53923076657827,-2.999533042789218,-2.9830412678126423
112.37882362794157,113.18127053536729,-2.999533042789218,-2.9199124928554445
112.37882362794157,112.8228700219951,-2.999533042789218,-2.9943636124283173
112.37882362794157,111.36426715962351,-2.999533042789218,-2.933771359794694
112.37882362794157,114.79547029391011,-2.999533042789218,-2.9565891116279173
112.37882362794157,108.80257349897566,-2.999533042789218,-2.95750103068737
112.37882362794157,109.8453458276681,-2.999533042789218,-2.9489187010725972
112.37882362794157,114.13150310059007,-2.999533042789218,-2.984379927089222
112.37882362794157,113.74972527439353,-2.999533042789218,-2.955754707024802
112.37882362794157,111.32834320154055,-2.999533042789218,-2.951181899750952
112.37882362794157,111.89727431890377,-2.999533042789218,-2.9841918134149035
112.37882362794157,110.18166816671456,-2.999533042789218,-2.9517328618855947
112.37882362794157,110.51244273836318,-2.999533042789218,-2.9724829027695794
112.37882362794157,109.47145746723207,-2.999533042789218,-2.9606575470065746
112.37882362794157,112.4055158788927,-2.999533042789218,-2.9703874142983153
112.37882362794157,113.28283188550682,-2.999533042789218,-2.9677283422117915
112.37882362794157,112.16505694733989,-2.999533042789218,-2.9549165653011653
112.37882362794157,106.97663296253066,-2.999533042789218,-2.872341721885542
112.37882362794157,110.27692415006868,-2.999533042789218,-2.9748080308504994
112.37882362794157,111.19802156513397,-2.999533042789218,-2.987177305583222
112.37882362794157,112.942463227964,-2.999533042789218,-2.954184062958418
112.37882362794157,110.05907504608605,-2.999533042789218,-2.945243012735677
112.37882362794157,111.61541112229978,-2.999533042789218,-2.9762149198556176
112.37882362794157,109.93634521849451,-2.999533042789218,-2.9664167470731435
112.37882362794157,110.17259187293362,-2.999533042789218,-2.9413146928281257
112.37882362794157,108.12030336620407,-2.999533042789218,-2.9326685413686273
112.37882362794157,107.86102168995063,-2.999533042789218,-2.9093070777340344
112.37882362794157,110.31319050775387,-2.999533042789218,-2.955687305874774
112.37882362794157,111.0,-2.999533042789218,-2.9725491616651754
112.37882362794157,108.2081327812286,-2.999533042789218,-2.930498417085231
112.37882362794157,110.3585066952249,-2.999533042789218,-2.9837271498151523
112.37882362794157,110.87831167545798,-2.999533042789218,-2.8868384579515207
112.37882362794157,109.59470790143108,-2.999533042789218,-2.9382076962557817
112.37882362794157,112.68983982595769,-2.999533042789218,-2.987791947961046
112.37882362794157,110.3585066952249,-2.999533042789218,-2.9139196632979503
112.37882362794157,109.64032105024137,-2.999533042789218,-2.957947815754729
112.37882362794157,109.77249200050075,-2.999533042789218,-2.9733708300916972
112.37882362794157,111.66467659918243,-2.999533042789218,-2.9955223108773716
112.37882362794157,111.68258592994702,-2.999533042789218,-2.976595821175349
112.37882362794157,109.70870521521982,-2.999533042789218,-2.967360971265672
112.37882362794157,109.93634521849451,-2.999533042789218,-2.962781236036355
112.37882362794157,110.29505881951376,-2.999533042789218,-2.871719595511167
112.37882362794157,110.20889256316842,-2.999533042789218,-2.952151727383147
112.37882362794157,111.22499719037982,-2.999533042789218,-2.9146660228900227
112.37882362794157,109.94544101507802,-2.999533042789218,-2.916013608762811
112.37882362794157,113.28283188550682,-2.999533042789218,-2.9894022473212356
112.37882362794157,111.19802156513397,-2.999533042789218,-2.922823246469879
112.37882362794157,111.26994203287786,-2.999533042789218,-2.9902448961014123
112.37882362794157,113.26958991715296,-2.999533042789218,-2.9741616258354115
112.37882362794157,109.47145746723207,-2.999533042789218,-2.950788795885643
112.37882362794157,108.83014288330233,-2.999533042789218,-2.8274825178426264
112.37882362794157,109.62207806824317,-2.999533042789218,-2.9761376959109276
112.37882362794157,111.19802156513397,-2.999533042789218,-2.983063385186898
112.37882362794157,113.85956261992227,-2.999533042789218,-2.938049884531972
112.37882362794157,110.57576588023255,-2.999533042789218,-2.964874560907033
112.37882362794157,109.36635680134911,-2.999533042789218,-2.95904833529438
112.37882362794157,109.4988584415381,-2.999533042789218,-2.9384251192202884
112.37882362794157,110.06816070054046,-2.999533042789218,-2.9826000327862108
112.37882362794157,113.96929411029973,-2.999533042789218,-2.941866765401725
112.37882362794157,111.44056711987785,-2.999533042789218,-2.98871834455295
112.37882362794157,110.87831167545798,-2.999533042789218,-2.814662126353843
112.37882362794157,110.20889256316842,-2.999533042789218,-2.984962966387263
112.37882362794157,111.69153951844338,-2.999533042789218,-2.9893038840391357
112.37882362794157,109.12836478203089,-2.999533042789218,-2.9414686608447718
112.37882362794157,110.39021695784459,-2.999533042789218,-2.983434205795102
112.37882362794157,109.84079387914127,-2.999533042789218,-2.914965706255883
112.37882362794157,107.82856764327346,-2.999533042789218,-2.9000577897087254
112.37882362794157,110.51244273836318,-2.999533042789218,-2.9746501482883776
112.37882362794157,109.40292500660117,-2.999533042789218,-2.9722340193448757
112.37882362794157,108.28665661105249,-2.999533042789218,-2.9265321174655563
112.37882362794157,107.98611021793498,-2.999533042789218,-2.7431401227446037
112.37882362794157,108.17578287213826,-2.999533042789218,-2.9226568773259665
112.37882362794157,111.95088208674373,-2.999533042789218,-2.9955218314282717
112.37882362794157,110.87831167545798,-2.999533042789218,-2.9536739748697443
112.37882362794157,109.59470790143108,-2.999533042789218,-2.8766801580374195
112.37882362794157,112.08925015361643,-2.999533042789218,-2.9581854076051473
112.37882362794157,110.62549434917794,-2.999533042789218,-2.974146770910666
112.37882362794157,110.27692415006868,-2.999533042789218,-2.9033399467934906
112.37882362794157,107.74506949276147,-2.999533042789218,-2.7514818805777392
112.37882362794157,112.60994627474076,-2.999533042789218,-2.944435596025654
112.37882362794157,110.78357278947091,-2.999533042789218,-2.9879255702850367
112.37882362794157,112.50777750893491,-2.999533042789218,-2.982731161850324
112.37882362794157,112.96902230257638,-2.999533042789218,-2.9745915825240106
112.37882362794157,110.20889256316842,-2.999533042789218,-2.9667470453718012
112.37882362794157,111.53923076657827,-2.999533042789218,-2.9901771575775733
112.37882362794157,107.55928597754821,-2.999533042789218,-2.910942711633022
112.37882362794157,110.74746046749786,-2.999533042789218,-2.9736736492078055
112.37882362794157,108.67382389517726,-2.999533042789218,-2.9527179020391694
112.37882362794157,112.942463227964,-2.999533042789218,-2.960897501798133
112.37882362794157,109.69958978957031,-2.999533042789218,-2.8341497843115344
112.37882362794157,108.6876257906115,-2.999533042789218,-2.9221624453483663
112.37882362794157,111.44056711987785,-2.999533042789218,-2.9462516455931262
112.37882362794157,112.37882362794157,-2.999533042789218,-2.9650858355692895
112.37882362794157,111.01801655587259,-2.999533042789218,-2.9779413773693197
112.37882362794157,110.05907504608605,-2.999533042789218,-2.982181646240124
112.37882362794157,111.82128598795491,-2.999533042789218,-2.9849101309961767
112.37882362794157,112.71202242884297,-2.999533042789218,-2.9699582806657236
112.37882362794157,109.70870521521982,-2.999533042789218,-2.9781554592001247
112.37882362794157,110.2905254316979,-2.999533042789218,-2.934084877158586
112.37882362794157,111.95088208674373,-2.999533042789218,-2.9611825042973607
112.37882362794157,113.92102527628515,-2.999533042789218,-2.988266558949884
112.37882362794157,111.83022847155415,-2.999533042789218,-2.9823112592758765
112.37882362794157,113.51211389098522,-2.999533042789218,-2.9902764588328417
112.37882362794157,112.25862995778988,-2.999533042789218,-2.9905472478570805
112.37882362794157,112.60994627474076,-2.999533042789218,-2.9925813676544495
112.37882362794157,109.14210919713803,-2.999533042789218,-2.9426677716910032
112.37882362794157,112.48110952511092,-2.999533042789218,-2.9866211346241
112.37882362794157,114.9304137293519,-2.999533042789218,-2.945151711045101
112.37882362794157,111.44954015158609,-2.999533042789218,-2.9289366146953943
112.37882362794157,110.18166816671456,-2.999533042789218,-2.9554005638657035
112.37882362794157,107.34523743510934,-2.999533042789218,-2.889055093894375
112.37882362794157,112.74750551564323,-2.999533042789218,-2.9897991482858357
112.37882362794157,109.84079387914127,-2.999533042789218,-2.920885859837423
112.37882362794157,113.96929411029973,-2.999533042789218,-2.959016733885922
112.37882362794157,109.47145746723207,-2.999533042789218,-2.9625844460572406
112.37882362794157,112.39217054581694,-2.999533042789218,-2.930344964883511
112.37882362794157,113.75851616472501,-2.999533042789218,-2.872084473172195
112.37882362794157,108.52188719332152,-2.999533042789218,-2.9422122476373995
112.37882362794157,111.0,-2.999533042789218,-2.9446888626188223
112.37882362794157,109.93634521849451,-2.999533042789218,-2.9402534750755827
112.37882362794157,111.66467659918243,-2.999533042789218,-2.8291249997293137
112.37882362794157,111.70049238924598,-2.999533042789218,-2.9749190595150417
112.37882362794157,107.56858277396798,-2.999533042789218,-2.8166512637511643
112.37882362794157,111.32834320154055,-2.999533042789218,-2.9838207615609953
112.37882362794157,111.01801655587259,-2.999533042789218,-2.896620219468205
112.37882362794157,112.08925015361643,-2.999533042789218,-2.997725605177245
112.37882362794157,107.1820880557941,-2.999533042789218,-2.8729321208780725
112.37882362794157,110.16805344563369,-2.999533042789218,-2.984289452559487
112.37882362794157,112.47221879201993,-2.999533042789218,-2.952888884703384
112.37882362794157,109.59470790143108,-2.999533042789218,-2.938330513274145
112.37882362794157,110.76100396800311,-2.999533042789218,-2.9741729605037404
112.37882362794157,108.6876257906115,-2.999533042789218,-2.953893398334235
112.37882362794157,110.51244273836318,-2.999533042789218,-2.984800282914641
112.37882362794157,108.42970072816765,-2.999533042789218,-2.946367540117434
112.37882362794157,109.89540481748998,-2.999533042789218,-2.945332399027134
112.37882362794157,109.47145746723207,-2.999533042789218,-2.9251458774695163
112.37882362794157,110.97296968181035,-2.999533042789218,-2.984819465226644
112.37882362794157,110.0272693471941,-2.999533042789218,-2.9765807497693166
112.37882362794157,111.89727431890377,-2.999533042789218,-2.9629157243894078
112.37882362794157,107.1820880557941,-2.999533042789218,-2.8883009827578334
112.37882362794157,109.98181667894016,-2.999533042789218,-2.9327592626958925
